published,search_term,category,title,summary,link,matched_words,activity_type,raw_text,entity_source_text,article_fetch_status,resolved_article_url,city_candidates,district_candidates,neighborhood_candidates,street_candidates,facility_candidates,company_candidates,company_candidate_scores,entity_quality_note,maps_queries,maps_candidates,maps_best_guess,maps_status,maps_match_scores,maps_rejected_candidates,record_quality_score,duplicate_group_id
2026-07-02 18:03:00,MASAK raporu,Kara Para / MASAK / Bahis,BOLU’DA MİLYONLUK SORUŞTURMA! MASAK RAPORUNDA ŞOK PARA TRAFİĞİ,BOLU’DA MİLYONLUK SORUŞTURMA! MASAK RAPORUNDA ŞOK PARA TRAFİĞİ Özgür Bolu,https://news.google.com/rss/articles/CBMinwFBVV95cUxNQXhOMW4xb1FHUHR2WUpmOXVDckh2VFN4blNhdnkweExoUVpEUzVpX0xFVURiUG5DSEdZb25aX1hKUzhaUmowU2Zkd2dwbGFKaUJhLUtWU3hzY2Jza2UtOHlDN3RwMk1ON2lYaEZGS0VzN21GVDVfRGFMXzNnMWNudlZrS1VMMmJ5UnB4d1F6YVMyM2V1OWRmdVB1Znhpdkk?oc=5,masak,,"Gözaltına alınan Boltur A.Ş. Yönetim Kurulu Başkanı Özgür Nihat Yıldız'ın da yer aldığı soruşturma dosyasının ayrıntıları ortaya çıktı. MASAK raporları ve tanık beyanlarında dikkat çeken tespitlere yer verildi. Gözaltına alınan Boltur A.Ş. Yönetim Kurulu Başkanı Özgür Nihat Yıldız'ın da yer aldığı soruşturma dosyasının ayrıntıları ortaya çıktı. MASAK raporları ve tanık beyanlarında dikkat çeken tespitlere yer verildi. Gözaltına alınan Boltur A.Ş. Yönetim Kurulu Başkanı Özgür Nihat Yıldız'ın da yer aldığı soruşturma dosyasının ayrıntıları ortaya çıktı. MASAK raporları ve tanık beyanlarında dikkat çeken tespitlere yer verildi. Boltur A.Ş. Yönetim Kurulu Başkanı Özgür Nihat Yıldız'ın da aralarında bulunduğu 10 kişi hakkında verilen gözaltı kararının ardından, Bolu Cumhuriyet Başsavcılığı tarafından yürütülen soruşturmanın ayrıntıları da ortaya çıktı. MASAK raporları, tanık beyanları ve dosyada yer alan tespitlerde, ihale süreçlerinden para transferlerine kadar dikkat çeken iddialara yer verildi. Bolu Cumhuriyet Başsavcılığınca yürütülen soruşturma kapsamında; Bolu Manavlar ve Pazarcılar Odası Başkanı ve aynı zamanda S.S. Köroğlu Esnaf ve Sanatkârlar Kredi ve Kefalet Kooperatifi Başkanı olan Mustafa Altındal hakkında rüşvet suçu yönünden soruşturma başlatıldı. Şüphelinin bazı görüşmelerinde vatandaşlardan parayı özellikle nakit olarak istediği ve şüpheli mahiyette konuşmalar yaptığı değerlendirilmiş; bunun üzerine soruşturma zimmet, nitelikli dolandırıcılık ve suçtan kaynaklanan mal varlığı değerlerini aklama suçları yönünden genişletildi. Dosya kapsamında alınan beyanlar ve Bolu Manavlar ve Pazarcılar Odası Genel Sekreteri Rafiye Yardımcı'nın beyanları doğrultusunda; Mustafa Altındal'ın pazar tezgâhlarının vatandaşlar arasında devredilmesi işlemlerinde ""devir parası"" adı altında para talep ettiği, bu paraları nakit olarak istediği, alınan paralar karşılığında herhangi bir makbuz düzenlenmediği ve bu suretle oda adına alındığı değerlendirilen paraları zimmetine geçirdiği tespit edildi. Yine dosya kapsamında esnaflık yapmayan ve Bolu Manavlar ve Pazarcılar Odasına kayıt olma hakkı bulunmadığı değerlendirilen bazı kişilerin, esnaf kredisi kullanmaları amacıyla odaya üye olarak kaydedildikleri; bu kişilerin daha sonra esnaf kredisi olarak bilinen kredilerden yararlandıkları belirlendi. Bu tespitler üzerine Mustafa Altındal'ın nitelikli dolandırıcılık suçundan da tutuklanmasına karar verildi. MASAK raporunda milyonluk para trafiği Soruşturma kapsamında düzenlenen MASAK raporunda; Bolu Belediyesinin iştiraki olan Boltur A.Ş. tarafından Mustafa Altındal'ın hesabına toplam 7 milyon 42 bin 170 TL + KDV tutarında para transferi yapıldığı tespit edildi. Para transferlerinin kaynağı incelendiğinde, Mustafa Altındal'ın Boltur A.Ş. tarafından yapılan iki ihaleyi aldığı ve ödemelerin bu ihaleler kapsamında yapıldığı görüldü. Boltur A.Ş. Yönetim Kurulu Başkanı Özgür Nihat Yıldız hakkında düzenlenen MASAK raporunda ise; Boltur A.Ş. tarafından Mustafa Altındal adına kayıtlı banka hesabına gönderilen paranın 364 bin 435 TL'lik Ana Sayfa Haberler BOLU’DA MİLYONLUK SORUŞTURMA! MASAK RAPORUNDA ŞOK PARA TRAFİĞİ Gözaltına alınan Boltur A.Ş. Yönetim Kurulu Başkanı Özgür Nihat Yıldız'ın da yer aldığı soruşturma dosyasının ayrıntıları ortaya çıktı. MASAK raporları ve tanık beyanlarında dikkat çeken tespitlere yer verildi. 2 Temmuz 2026 21:03 Pay","BOLU’DA MİLYONLUK SORUŞTURMA! MASAK RAPORUNDA ŞOK PARA TRAFİĞİ BOLU’DA MİLYONLUK SORUŞTURMA! MASAK RAPORUNDA ŞOK PARA TRAFİĞİ Özgür Bolu Gözaltına alınan Boltur A.Ş. Yönetim Kurulu Başkanı Özgür Nihat Yıldız'ın da yer aldığı soruşturma dosyasının ayrıntıları ortaya çıktı. MASAK raporları ve tanık beyanlarında dikkat çeken tespitlere yer verildi. Boltur A.Ş. Yönetim Kurulu Başkanı Özgür Nihat Yıldız'ın da aralarında bulunduğu 10 kişi hakkında verilen gözaltı kararının ardından, Bolu Cumhuriyet Başsavcılığı tarafından yürütülen soruşturmanın ayrıntıları da ortaya çıktı. MASAK raporları, tanık beyanları ve dosyada yer alan tespitlerde, ihale süreçlerinden para transferlerine kadar dikkat çeken iddialara yer verildi. Bolu Cumhuriyet Başsavcılığınca yürütülen soruşturma kapsamında; Bolu Manavlar ve Pazarcılar Odası Başkanı ve aynı zamanda S.S. Köroğlu Esnaf ve Sanatkârlar Kredi ve Kefalet Kooperatifi Başkanı olan Mustafa Altındal hakkında rüşvet suçu yönünden soruşturma başlatıldı. Şüphelinin bazı görüşmelerinde vatandaşlardan parayı özellikle nakit olarak istediği ve şüpheli mahiyette konuşmalar yaptığı değerlendirilmiş; bunun üzerine soruşturma zimmet, nitelikli dolandırıcılık ve suçtan kaynaklanan mal varlığı değerlerini aklama suçları yönünden genişletildi. Dosya kapsamında alınan beyanlar ve Bolu Manavlar ve Pazarcılar Odası Genel Sekreteri Rafiye Yardımcı'nın beyanları doğrultusunda; Mustafa Altındal'ın pazar tezgâhlarının vatandaşlar arasında devredilmesi işlemlerinde ""devir parası"" adı altında para talep ettiği, bu paraları nakit olarak istediği, alınan paralar karşılığında herhangi bir makbuz düzenlenmediği ve bu suretle oda adına alındığı değerlendirilen paraları zimmetine geçirdiği tespit edildi. Yine dosya kapsamında esnaflık yapmayan ve Bolu Manavlar ve Pazarcılar Odasına kayıt olma hakkı bulunmadığı değerlendirilen bazı kişilerin, esnaf kredisi kullanmaları amacıyla odaya üye olarak kaydedildikleri; bu kişilerin daha sonra esnaf kredisi olarak bilinen kredilerden yararlandıkları belirlendi. Bu tespitler üzerine Mustafa Altındal'ın nitelikli dolandırıcılık suçundan da tutuklanmasına karar verildi. MASAK raporunda milyonluk para trafiği Soruşturma kapsamında düzenlenen MASAK raporunda; Bolu Belediyesinin iştiraki olan Boltur A.Ş. tarafından Mustafa Altındal'ın hesabına toplam 7 milyon 42 bin 170 TL + KDV tutarında para transferi yapıldığı tespit edildi. Para transferlerinin kaynağı incelendiğinde, Mustafa Altındal'ın Boltur A.Ş. tarafından yapılan iki ihaleyi aldığı ve ödemelerin bu ihaleler kapsamında yapıldığı görüldü. Boltur A.Ş. Yönetim Kurulu Başkanı Özgür Nihat Yıldız hakkında düzenlenen MASAK raporunda ise; Boltur A.Ş. tarafından Mustafa Altındal adına kayıtlı banka hesabına gönderilen paranın 364 bin 435 TL'lik Ana Sayfa Haberler BOLU’DA MİLYONLUK SORUŞTURMA! MASAK RAPORUNDA ŞOK PARA TRAFİĞİ Gözaltına alınan Boltur A.Ş. Yönetim Kurulu Başkanı Özgür Nihat Yıldız'ın da yer aldığı soruşturma dosyasının ayrıntıları ortaya çıktı.",browser_full_article,https://www.ozgurbolu.com/haber/50313/boluda-milyonluk-sorusturma-masak-raporunda-sok-para-trafigi,Bolu,,,,,Boltur A.Ş,Boltur A.Ş:81:body | Boltur A.Ş:raw_legal,ilçe yok | faaliyet/tesis yok,Boltur A.Ş Bolu Türkiye,Öz Bolu,Öz Bolu,firma adı + güvenli maps adayı var,58.8235294117647,Bitur Restaurant | T.C. Bolu Belediyesi | Bolu Valiliği | Bolu Belediyesi,174.45,1
2026-07-02 08:19:23,mal varlığına el konuldu,Diğer,Haydar Baş'a şok! Mal varlıklarına el konuldu,Haydar Baş'a şok! Mal varlıklarına el konuldu Haber61,https://news.google.com/rss/articles/CBMiigFBVV95cUxQcHBHYTVWMUtpZFVmV183UndremFXNHl6ajg2TFEwQUR2UnV4TWI4QUxubWlOeGtHT1ZRRjBYMEFjREUxbDZIVVBZMmFSTE40ZzNCRWQ1QUtIcGVGNmx6UXdpLVVWOEVpN01sem10TE9naDhrQjYzelU5alhpdVRCanlIWHZHbXRmSFHSAY8BQVVfeXFMUE5PQmpITTc1VTJjemZYNVZUMnBKdjNhcUFINW9QY3V3enlQRVRuT085blBnb3dONllGekVqY3pDQ3RhT2pDWmM3aEx0ejQyY0llNWdLNHI3eTItQ3pGRWxmbWVCdUx0cXBXdTgtWE95WEk1cUZ5VVB4YmZSNXdYY0tyUllEcm8xZGZmMnZxRVU?oc=5,el konuldu,,Bağımsız Türkiye Partisi (BTP) Genel Başkanı Haydar Baş'ın mal varlığına tedbir konuldu Bağımsız Türkiye Partisi (BTP) Genel Başkanı Haydar Baş'ın mal varlığına tedbir konuldu Bağımsız Türkiye Partisi (BTP) Genel Başkanı Haydar Baş'ın mal varlığına tedbir konuldu,Haydar Baş'a şok! Mal varlıklarına el konuldu Haydar Baş'a şok! Mal varlıklarına el konuldu Haber61 Bağımsız Türkiye Partisi (BTP) Genel Başkanı Haydar Baş'ın mal varlığına tedbir konuldu Bağımsız Türkiye Partisi (BTP) Genel Başkanı Haydar Baş'ın mal varlığına tedbir konuldu Bağımsız Türkiye Partisi (BTP) Genel Başkanı Haydar Baş'ın mal varlığına tedbir konuldu,browser_full_article,https://www.haber61.net/trabzon/haydar-basa-sok-mal-varliklarina-el-konuldu/329211,,,,,,,,il yok | ilçe yok | firma yok | faaliyet/tesis yok,,,,maps araması yapılmadı,,,46.38,2
2026-07-02 10:30:22,fabrika yangını,Fiziksel Risk / Yangın,Kocaeli'de palet fabrikasında çıkan yangın söndürüldü,Kocaeli'de palet fabrikasında çıkan yangın söndürüldü Habername.com,https://news.google.com/rss/articles/CBMimwFBVV95cUxPSndIR1g1X3d3ZWVDbWNUMFc1Zl9rMlN0Y1c2Q0ZaUG5KbXFsM0ZTbVBIT3d3bnJhU0NUU2dHU2MteXBVdnZCQ1BDeW5iMVJoNzVCcHkxdE9ldDJyWmxMTm5uWFVpY1prRzVMYUo4RkZ3bmtDYWVCTjJ0S3N2TDNPcXBhMjlhaWlsd1dZTzY5NkFqazViSXRkeFRJd9IBqwFBVV95cUxQWFByc1lxYTBjY1hiVW9ZdEdZMENPekZMRjNUYUZ4VEwtVXJfTmdxMlE4VnNuaUhPOWRfMDI1b0VrTWVwSG9FakRqcHBUQlU5WGxJdnR2RFVTQTNIUDFoakdhZGRILWpfR2lSU25uYkU2OFFySGdFbmVCRUJOS0szazFtX1JxcXdWWWNURTJidkU5UV81X1luOW11U21OR1NNSzR4dmpYWnoxZFE?oc=5,fabrika,fabrika,Kocaeli'de palet fabrikasında çıkan yangın söndürüldü Habername.com,Kocaeli'de palet fabrikasında çıkan yangın söndürüldü Kocaeli'de palet fabrikasında çıkan yangın söndürüldü Habername.com Kocaeli'de palet fabrikasında çıkan yangın söndürüldü Habername.com,browser_failed,https://news.google.com/rss/articles/CBMimwFBVV95cUxPSndIR1g1X3d3ZWVDbWNUMFc1Zl9rMlN0Y1c2Q0ZaUG5KbXFsM0ZTbVBIT3d3bnJhU0NUU2dHU2MteXBVdnZCQ1BDeW5iMVJoNzVCcHkxdE9ldDJyWmxMTm5uWFVpY1prRzVMYUo4RkZ3bmtDYWVCTjJ0S3N2TDNPcXBhMjlhaWlsd1dZTzY5NkFqazViSXRkeFRJd9IBqwFBVV95cUxQWFByc1lxYTBjY1hiVW9ZdEdZMENPekZMRjNUYUZ4VEwtVXJfTmdxMlE4VnNuaUhPOWRfMDI1b0VrTWVwSG9FakRqcHBUQlU5WGxJdnR2RFVTQTNIUDFoakdhZGRILWpfR2lSU25uYkU2OFFySGdFbmVCRUJOS0szazFtX1JxcXdWWWNURTJidkU5UV81X1luOW11U21OR1NNSzR4dmpYWnoxZFE?oc=5&hl=tr&gl=TR&ceid=TR:tr,Kocaeli,,,,,,,ilçe yok | firma yok | faaliyet/tesis yok,,,,maps araması yapılmadı,,,61.92,3
2026-07-02 08:31:03,fabrika yangını,Fiziksel Risk / Yangın,Vinh Long: An Hiep Sanayi Parkı'nda çıkan yangın yaklaşık 162 milyar VND'lik hasara yol açtı.,Vinh Long: An Hiep Sanayi Parkı'nda çıkan yangın yaklaşık 162 milyar VND'lik hasara yol açtı. Vietnam.vn,https://news.google.com/rss/articles/CBMiowFBVV95cUxONXY0cm1QZGQzWlk3VURlM3JSX3NTT29nWXJKTEdkbGJSWjBKUUp0c3RDWm0zWng4VEcyNHlLdjlIbDV6OFdMekpwYTFKU0hHOHhkNDA3Yk9HQThoQWU3bll5U0x2Skw2SENsMkNldy1peE8wVWE4VHZFZDB0am5wV0lxYTg4LXMwVGwwZjJSZnlFZ0JKcFBkZ2ZxalF2akdUcHBv?oc=5,sanayi,,Vinh Long: An Hiep Sanayi Parkı'nda çıkan yangın yaklaşık 162 milyar VND'lik hasara yol açtı. Vietnam.vn,Vinh Long: An Hiep Sanayi Parkı'nda çıkan yangın yaklaşık 162 milyar VND'lik hasara yol açtı. Vinh Long: An Hiep Sanayi Parkı'nda çıkan yangın yaklaşık 162 milyar VND'lik hasara yol açtı. Vietnam.vn Vinh Long: An Hiep Sanayi Parkı'nda çıkan yangın yaklaşık 162 milyar VND'lik hasara yol açtı.,browser_failed,https://news.google.com/rss/articles/CBMiowFBVV95cUxONXY0cm1QZGQzWlk3VURlM3JSX3NTT29nWXJKTEdkbGJSWjBKUUp0c3RDWm0zWng4VEcyNHlLdjlIbDV6OFdMekpwYTFKU0hHOHhkNDA3Yk9HQThoQWU3bll5U0x2Skw2SENsMkNldy1peE8wVWE4VHZFZDB0am5wV0lxYTg4LXMwVGwwZjJSZnlFZ0JKcFBkZ2ZxalF2akdUcHBv?oc=5&hl=tr&gl=TR&ceid=TR:tr,,,,,,An Hiep Sanayi,An Hiep Sanayi:292:body+summary+title,il yok | ilçe yok | faaliyet/tesis yok,An Hiep Sanayi Türkiye,An Hiep Sanayi Türkiye,An Hiep Sanayi Türkiye,firma adı + güvenli maps adayı var,100.0,,195.54,4
2026-07-02 12:30:00,fabrika yangını,Fiziksel Risk / Yangın,Fabrika Yangını Paniğe Yol Açtı!,Fabrika Yangını Paniğe Yol Açtı! Kırşehir Çiğdem,https://news.google.com/rss/articles/CBMib0FVX3lxTE9rNDh3c1FBS3BEanl3MFBEdWs4aEg2QlhTMTBFaVc1Nl9aaV90aHZkdUZWdzUtS2JpdGNTYWZ0M3Z1RTd3SXpvb1Z4VTNfbDBHTXVZZ2wtSWQ3T0hkbnBLMG9oWDJrM2g0NFhibnZKZ9IBdEFVX3lxTE1nSF80a0YxaXpVeWxRVV9abDdwYjdXWGVoUjNXR09NUGtrR0V4ZlF6aVJfNUM3MllDQTU0a1lUVDU1aXBHbHl3bWVLVVY4R2M4MjluNm50RFh3c1YwRnhUcjlGeFhMWXc0eElpc2pDOWVPVW9z?oc=5,fabrika,fabrika,Fabrika Yangını Paniğe Yol Açtı! Kırşehir Çiğdem,Fabrika Yangını Paniğe Yol Açtı! Fabrika Yangını Paniğe Yol Açtı! Kırşehir Çiğdem Fabrika Yangını Paniğe Yol Açtı!,browser_failed,https://news.google.com/rss/articles/CBMib0FVX3lxTE9rNDh3c1FBS3BEanl3MFBEdWs4aEg2QlhTMTBFaVc1Nl9aaV90aHZkdUZWdzUtS2JpdGNTYWZ0M3Z1RTd3SXpvb1Z4VTNfbDBHTXVZZ2wtSWQ3T0hkbnBLMG9oWDJrM2g0NFhibnZKZ9IBdEFVX3lxTE1nSF80a0YxaXpVeWxRVV9abDdwYjdXWGVoUjNXR09NUGtrR0V4ZlF6aVJfNUM3MllDQTU0a1lUVDU1aXBHbHl3bWVLVVY4R2M4MjluNm50RFh3c1YwRnhUcjlGeFhMWXc0eElpc2pDOWVPVW9z?oc=5&hl=tr&gl=TR&ceid=TR:tr,,,,,,,,il yok | ilçe yok | firma yok | faaliyet/tesis yok,,,,maps araması yapılmadı,,,36.48,5
2026-07-02 10:31:47,fabrika yangını,Fiziksel Risk / Yangın,Trabzon'da fabrika yangını!,Trabzon'da fabrika yangını! Haber61,https://news.google.com/rss/articles/CBMickFVX3lxTE5BOXhrOHJTTUVSRmlTa1A1UkNobm1SSktDR3JGS3JwYTFvRVRxWTc5TFJiODhEbG1IMkhZeTY0bXpfSzdHcmROLVBZdlgyZDQ2MldENDZlX1NzXzNCMWliUFgwMGtsWkZyMV8zR2hEajFoQdIBd0FVX3lxTE52UGdYT2JQOGphejNza3V3TGRDMkowTzRwdUpRdVVyeXBXSW5MNXowVVZhSUdPTEl4Vm9FSTI4NE8zOVpreW94NHFuUzNHQlRUaW5jaDRuS082WXlYTUxVQm1Dd3N2dzBybVNtRHhwcEtIWlJzWURv?oc=5,fabrika,fabrika,"TRABZON HABER Yayın tarihi: 02 Aralık 2020 20:26 Trabzon'da fabrika yangını! Trabzon'un Beşikdüzü ilçesinde bulunan fabrikada yangın çıktı. Paylaş Paylaş Paylaş Google'da Bizi Sık Kullanılanlara Ekleyin Trabzon'un Beşikdüzü Organize Sanayi Bölgesinde soğuk hava deposu üretimi yapan bir fabrikada yangın çıktı. Edinilen bilgiye göre; Yangını fark eden çalışanlar durumu hemen Trabzon Büyükşehir Belediyesi İtfaiye Dairesi Başkanlığına bildirdi. İhbarı aldıktan sonra Beşikdüzü ve Vakfıkebir İtfaiye Grup Amirliği personelleri zamanında yaptığı müdahale ile fabrikanın kül olmasını engelledi. Yangına 3 Araç ve 7 Personel ile müdahale edildiği bildirildi. Paylaş Paylaş Paylaş Google'da Bizi Sık Kullanılanlara Ekleyin Trabzon'un Beşikdüzü Organize Sanayi Bölgesinde soğuk hava deposu üretimi yapan bir fabrikada yangın çıktı. Edinilen bilgiye göre; Yangını fark eden çalışanlar durumu hemen Trabzon Büyükşehir Belediyesi İtfaiye Dairesi Başkanlığına bildirdi. İhbarı aldıktan sonra Beşikdüzü ve Vakfıkebir İtfaiye Grup Amirliği personelleri zamanında yaptığı müdahale ile fabrikanın kül olmasını engelledi. Yangına 3 Araç ve 7 Personel ile müdahale edildiği bildirildi. Trabzon'da fabrika yangını! Bu Haber İlginizi Çekebilir Trabzon'un Beşikdüzü ilçesinde bulunan fabrikada yangın çıktı. Trabzon'un Beşikdüzü Organize Sanayi Bölgesinde soğuk hava deposu üretimi yapan bir fabrikada yangın çıktı. Edinilen bilgiye göre; Yangını fark eden çalışanlar durumu hemen Trabzon Büyükşehir Belediyesi İtfaiye Dairesi Başkanlığına bildirdi. İhbarı aldıktan sonra Beşikdüzü ve Vakfıkebir İtfaiye Grup Amirliği personelleri zamanında yaptığı müdahale ile fabrikanın kül olmasını engelledi. Yangına 3 Araç ve 7 Personel ile müdahale edildiği bildirildi. Henüz yorum yapılmamış. İlk yorumu siz yapın! Trabzon Haber, Son Dakika",Trabzon'da fabrika yangını! Trabzon'da fabrika yangını! Haber61 TRABZON HABER Yayın tarihi: 02 Aralık 2020 20:26 Trabzon'da fabrika yangını! Trabzon'un Beşikdüzü ilçesinde bulunan fabrikada yangın çıktı. Paylaş Paylaş Paylaş Google'da Bizi Sık Kullanılanlara Ekleyin Trabzon'un Beşikdüzü Organize Sanayi Bölgesinde soğuk hava deposu üretimi yapan bir fabrikada yangın çıktı. Edinilen bilgiye göre; Yangını fark eden çalışanlar durumu hemen Trabzon Büyükşehir Belediyesi İtfaiye Dairesi Başkanlığına bildirdi. İhbarı aldıktan sonra Beşikdüzü ve Vakfıkebir İtfaiye Grup Amirliği personelleri zamanında yaptığı müdahale ile fabrikanın kül olmasını engelledi. Yangına 3 Araç ve 7 Personel ile müdahale edildiği bildirildi. Trabzon'da fabrika yangını! Bu Haber İlginizi Çekebilir Trabzon'un Beşikdüzü ilçesinde bulunan fabrikada yangın çıktı. Trabzon'un Beşikdüzü Organize Sanayi Bölgesinde soğuk hava deposu üretimi yapan bir fabrikada yangın çıktı.,browser_full_article_dom,https://www.haber61.net/trabzon/trabzonda-fabrika-yangini/412568,Trabzon,Beşikdüzü,un Beşikdüzü Organize Sanayi,,soğuk hava deposu,,,firma yok,soğuk hava deposu un Beşikdüzü Organize Sanayi Beşikdüzü Trabzon Türkiye,,,maps sonucu düşük güven nedeniyle elendi,,Beşikdüzü Organize Sanayi Bölgesi,119.25,6
2026-07-02 14:28:00,tesis yangını,Fiziksel Risk / Yangın,Aydın sanayisinde korkutan yangın : İşçiler alevlere siper oldu,Aydın sanayisinde korkutan yangın : İşçiler alevlere siper oldu Aydın Ses Gazetesi,https://news.google.com/rss/articles/CBMilwFBVV95cUxNemJUek5kODhlUHU1b3FJdUt0MTZtUEFaSE1uRTlrUEtLd0NOVzZaV3diSUFyb3BTMndUT2FiYXpwN2gyU0NXb2hfSGdhR1pkNVFRWnNONEJvWU5iYU1LRkZCYWlMa3JXWGVVRDVGTEk1VHBxMVdzd3VJQTg2NlFZZ0V0MjlZWVRiekxTWUx5VGVpNjVZMWgw?oc=5,sanayi,,Aydın sanayisinde korkutan yangın : İşçiler alevlere siper oldu Aydın Ses Gazetesi,Aydın sanayisinde korkutan yangın : İşçiler alevlere siper oldu Aydın sanayisinde korkutan yangın : İşçiler alevlere siper oldu Aydın Ses Gazetesi Aydın sanayisinde korkutan yangın : İşçiler alevlere siper oldu Aydın Ses Gazetesi,browser_failed,https://news.google.com/rss/articles/CBMilwFBVV95cUxNemJUek5kODhlUHU1b3FJdUt0MTZtUEFaSE1uRTlrUEtLd0NOVzZaV3diSUFyb3BTMndUT2FiYXpwN2gyU0NXb2hfSGdhR1pkNVFRWnNONEJvWU5iYU1LRkZCYWlMa3JXWGVVRDVGTEk1VHBxMVdzd3VJQTg2NlFZZ0V0MjlZWVRiekxTWUx5VGVpNjVZMWgw?oc=5,,,,,,,,il yok | ilçe yok | firma yok | faaliyet/tesis yok,,,,maps araması yapılmadı,,,68.82,7
2026-07-02 09:20:22,tesis yangını,Fiziksel Risk / Yangın,Trabzon Zigana Tesisleri'nde yangın!,Trabzon Zigana Tesisleri'nde yangın! Haber61,https://news.google.com/rss/articles/CBMifkFVX3lxTFBtZVVxT013bFBOb1Fma0ZZTm5VS2lMMUptdUlzRTdZR2lEQXhRQkpCSG5EM3h2cUVBWTdZcWJIX3QzSmQxci1scXl0Y19IV3dKWHdNbkZaSkJYcVZQay1VS2F2MXlONlZVN0RxZ1ExY1pNdHFSWjhDWHVDTHFhQdIBgwFBVV95cUxNeng4RTR1NkNkR3Y0Q0YzWXp2ZXRGVjROa2x6UXRTdFIwNUh2RzNsN1FnOTM0T2M0LWttMzltREJxNGpBSXFZaG5FUVBpUkJhbUw0RU56cF9FQVR0MDhFNEx2YzJWNFpmX1JoRnd6Y19IdE4tV0lHdk5iVlNHaXdiTjZzQQ?oc=5,tesis,,Trabzon Zigana Tesisleri'nde yangın! Haber61,Trabzon Zigana Tesisleri'nde yangın! Trabzon Zigana Tesisleri'nde yangın! Haber61 Trabzon Zigana Tesisleri'nde yangın!,browser_failed,https://www.haber61.net/trabzon/trabzon-zigana-tesislerinde-yangin/285493,,,,,,,,il yok | ilçe yok | firma yok | faaliyet/tesis yok,,,,maps araması yapılmadı,,,37.44,8
2026-07-02 09:35:00,tesis yangını,Fiziksel Risk / Yangın,Tosya'da tesiste korkutan yangın!,Tosya'da tesiste korkutan yangın! Kastamonu Güncel,https://news.google.com/rss/articles/CBMihAFBVV95cUxPX0hxN1FRYl9KS0s0SEJOZmZ3U1pSXzRrak1RZm1wNTVQekVJekhwbmU1aUxmTDF1cVFKV0pucXJTRmd3aFlMZHBqZVdETjdIQVA3Smt0NndqUFowQ0FkOW9raDVIUTRIZXFhVklTbU1BOUJiMk5IcHMzaTk1amFsVy11TFrSAYoBQVVfeXFMTy1EVm85Q29WZDFZZmJPWXpldEZSR0Fyd3dXd3RlMEozZ3BLUHVQTmxxdU5oSzltTmp3RXp5a2VvZ2JPSC10Q1NyZnNMMmsxWW1OWTRWUzctaDQzbnVEOEtSNlgwOG0tSVg5bkJWckZxRFpxNFZnUjc4YVRXTGU4dU11c2NUczlsRnlR?oc=5,tesis,,"Tosya’da elektrik kontağından çıktığı değerlendirilen yangın, kısa sürede tüm tesisi sardı. Ormanlık alana yakın noktadaki yangına, ekipler müdahale etti. Tosya’da elektrik kontağından çıktığı değerlendirilen yangın, kısa sürede tüm tesisi sardı. Ormanlık alana yakın noktadaki yangına, ekipler müdahale etti. Tosya’da elektrik kontağından çıktığı değerlendirilen yangın, kısa sürede tüm tesisi sardı. Ormanlık alana yakın noktadaki yangına, ekipler müdahale etti. Kastamonu’nun Tosya ilçesinde bulunan Çiçekpark Tesislerinde çıkan yangın, ormana sıçrama riski nedeniyle korku dolu anlar yaşattı. İtfaiye ve Orman İşletme Müdürlüğü ekiplerinin zamanında müdahalesi olası bir faciayı önledi. Edinilen bilgiye göre olay, Tosya’ya bağlı Kösen köyünde meydana geldi. Kafe, restoran ve aile çay bahçesi olarak işletilen Çiçekpark Tesislerinde elektrik kontağı kaynaklı çıktığı tahmin edilen yangın kısa sürede büyüdü. Alevleri fark eden vatandaşların ihbarı üzerine bölgeye itfaiye ekipleri ile Orman İşletme Müdürlüğü ekipleri sevk edildi. Ekiplerin müdahalesiyle yangın, çevredeki ormanlık alana sıçramadan kontrol altına alınarak söndürüldü. Yangında restoran, kafe, kamelyalar ve mutfak bölümü büyük zarar görerek kullanılamaz hale geldi. Yangınla ilgili inceleme başlatıldı. Tosya'da tesiste korkutan yangın! Tosya’da elektrik kontağından çıktığı değerlendirilen yangın, kısa sürede tüm tesisi sardı. Ormanlık alana yakın noktadaki yangına, ekipler müdahale etti. Kastamonu’nun Tosya ilçesinde bulunan Çiçekpark Tesislerinde çıkan yangın, ormana sıçrama riski nedeniyle korku dolu anlar yaşattı. İtfaiye ve Orman İşletme Müdürlüğü ekiplerinin zamanında müdahalesi olası bir faciayı önledi. Edinilen bilgiye göre olay, Tosya’ya bağlı Kösen köyünde meydana geldi. Kafe, restoran ve aile çay bahçesi olarak işletilen Çiçekpark Tesislerinde elektrik kontağı kaynaklı çıktığı tahmin edilen yangın kısa sürede büyüdü. Alevleri fark eden vatandaşların ihbarı üzerine bölgeye itfaiye ekipleri ile Orman İşletme Müdürlüğü ekipleri sevk edildi. Ekiplerin müdahalesiyle yangın, çevredeki ormanlık alana sıçramadan kontrol altına alınarak söndürüldü. Yangında restoran, kafe, kamelyalar ve mutfak bölümü büyük zarar görerek kullanılamaz hale geldi. Yangınla ilgili inceleme başlatıldı. 02 Tem 2026 - 12:35 İHA Kastamonu - Asayiş Yazdır Mahreç İhlas Haber Ajansı Yorum yazarak Kastamonu Güncel Topluluk Kuralları’nı kabul etmiş bulunuyor ve yorumunuzla ilgili doğrudan veya dolaylı tüm sorumluluğu tek başınıza üstleniyorsunuz. Yazılan yorumlar","Tosya'da tesiste korkutan yangın! Tosya'da tesiste korkutan yangın! Kastamonu Güncel Tosya’da elektrik kontağından çıktığı değerlendirilen yangın, kısa sürede tüm tesisi sardı. Ormanlık alana yakın noktadaki yangına, ekipler müdahale etti. Kastamonu’nun Tosya ilçesinde bulunan Çiçekpark Tesislerinde çıkan yangın, ormana sıçrama riski nedeniyle korku dolu anlar yaşattı. İtfaiye ve Orman İşletme Müdürlüğü ekiplerinin zamanında müdahalesi olası bir faciayı önledi. Edinilen bilgiye göre olay, Tosya’ya bağlı Kösen köyünde meydana geldi. Kafe, restoran ve aile çay bahçesi olarak işletilen Çiçekpark Tesislerinde elektrik kontağı kaynaklı çıktığı tahmin edilen yangın kısa sürede büyüdü. Alevleri fark eden vatandaşların ihbarı üzerine bölgeye itfaiye ekipleri ile Orman İşletme Müdürlüğü ekipleri sevk edildi. Ekiplerin müdahalesiyle yangın, çevredeki ormanlık alana sıçramadan kontrol altına alınarak söndürüldü. Yangında restoran, kafe, kamelyalar ve mutfak bölümü büyük zarar görerek kullanılamaz hale geldi. Yangınla ilgili inceleme başlatıldı. Tosya'da tesiste korkutan yangın! 02 Tem 2026 - 12:35 İHA Kastamonu - Asayiş Yazdır Mahreç İhlas Haber Ajansı Yorum yazarak Kastamonu Güncel Topluluk Kuralları’nı kabul etmiş bulunuyor ve yorumunuzla ilgili doğrudan veya dolaylı tüm sorumluluğu tek başınıza üstleniyorsunuz.",browser_full_article,https://www.kastamonuguncel.com/haber/28271321/tosyada-tesiste-korkutan-yangin,Kastamonu,Tosya,,,kısa sürede tüm tesisi,,,firma yok,kısa sürede tüm tesisi Tosya Kastamonu Türkiye,Tosya Sümela park | Tosya Onur Park Plus BAŞKA ŞUBEMİZ YOKTUR | Huzur Dinlenme Tesisleri | Dörtyol Dinlenme Tesisi | BEYPARK DİNLENME TESİSLERİ,Tosya Sümela park,"firma adı yok, tesis/lokasyon ile maps tahmini var",41.02564102564103 | 37.5 | 47.82608695652174 | 53.333333333333336 | 40.0,,146.0,9
2026-07-03 02:42:34,kara para,Kara Para / MASAK / Bahis,"Finans, kara para aklama ile mücadele ve küçük ve orta ölçekli işletmelere destek konularındaki hükümleri değiştiren ve tamamlayan yasa taslağı hakkında geri bildirim istenmektedir.","Finans, kara para aklama ile mücadele ve küçük ve orta ölçekli işletmelere destek konularındaki hükümleri değiştiren ve tamamlayan yasa taslağı hakkında geri bildirim istenmektedir. Vietnam.vn",https://news.google.com/rss/articles/CBMizwFBVV95cUxPcDFCRjdJQVFHN1lxYVBaZndQd2t2Y3ZzYXJfVGttZTJpN01Selh5SFdyaFhJRjF2aDJmMUdINTdYUVdNZnRzZlRwYXJKMHhZYzN5ZjlmLTRSZVp3SWxibkNVaV83MFEyM01rR1ZjaUZkX1VmVXlyTjFZVzZTNURDbG5rblloRk8wWE01Slk3V2pGcnN2TThJWXAyUkhFV3JWcGZ0cjYwaUp5WmtFLVAxc3E3NmhSSGtYMWZzZmFaRUdXVVVzM1Z4aUt4XzF4bE0?oc=5,işletme,,"Finans, kara para aklama ile mücadele ve küçük ve orta ölçekli işletmelere destek konularındaki hükümleri değiştiren ve tamamlayan yasa taslağı hakkında geri bildirim istenmektedir. Vietnam.vn","Finans, kara para aklama ile mücadele ve küçük ve orta ölçekli işletmelere destek konularındaki hükümleri değiştiren ve tamamlayan yasa taslağı hakkında geri bildirim istenmektedir. Finans, kara para aklama ile mücadele ve küçük ve orta ölçekli işletmelere destek konularındaki hükümleri değiştiren ve tamamlayan yasa taslağı hakkında geri bildirim istenmektedir. Vietnam.vn Finans, kara para aklama ile mücadele ve küçük ve orta ölçekli işletmelere destek konularındaki hükümleri değiştiren ve tamamlayan yasa taslağı hakkında geri bildirim istenmektedir.",browser_failed,https://news.google.com/rss/articles/CBMizwFBVV95cUxPcDFCRjdJQVFHN1lxYVBaZndQd2t2Y3ZzYXJfVGttZTJpN01Selh5SFdyaFhJRjF2aDJmMUdINTdYUVdNZnRzZlRwYXJKMHhZYzN5ZjlmLTRSZVp3SWxibkNVaV83MFEyM01rR1ZjaUZkX1VmVXlyTjFZVzZTNURDbG5rblloRk8wWE01Slk3V2pGcnN2TThJWXAyUkhFV3JWcGZ0cjYwaUp5WmtFLVAxc3E3NmhSSGtYMWZzZmFaRUdXVVVzM1Z4aUt4XzF4bE0?oc=5&hl=tr&gl=TR&ceid=TR:tr,,,,,,,,il yok | ilçe yok | firma yok | faaliyet/tesis yok,,,,maps araması yapılmadı,,,164.42,10
2026-07-02 09:35:00,kara para,Kara Para / MASAK / Bahis,Banka Hesaplarından 5.3 Milyar Aktı: Antalya ve 22 İlde Kara Para Aklayanlara Baskın Serisi,Banka Hesaplarından 5.3 Milyar Aktı: Antalya ve 22 İlde Kara Para Aklayanlara Baskın Serisi Akdeniz Gerçek,https://news.google.com/rss/articles/CBMi2wFBVV95cUxObVROMnZMTk44WnV4WWtzN3ZIejlTeERZc2xNSWFUX2twRTN1VmQ1SmY2NUdxc3FfS3p3RW82MTNQUTQ5WHVQN3Y1dEE4TVQ0dDFWZTloTk1yemE2a1BEZnFDZUVQbW1vYXh5WUZ1SUZ0UG5peW91RTFYZUk2UnNVSE9aQ2I3NWpFNkNBd1FQVzhlTHl3dlJ0T1dxYUsyTDYwQ1JMWFlCN19ULXlYdVh4Um5YRDB1aGhtUGUxMHFEV3ZLdFc4ZnF4ZTRLeVU3X1FqY0hQR2pZNlBEZm8?oc=5,banka,finansal kuruluş,"Antalya dahil 23 şehirde eş zamanlı baskınlar yapılarak milyarlarca liralık kara para trafiği ortaya çıkarıldı, operasyonlarda 307 şüpheli yakalandı. Antalya dahil 23 şehirde eş zamanlı baskınlar yapılarak milyarlarca liralık kara para trafiği ortaya çıkarıldı, operasyonlarda 307 şüpheli yakalandı. Antalya dahil 23 şehirde eş zamanlı baskınlar yapılarak milyarlarca liralık kara para trafiği ortaya çıkarıldı, operasyonlarda 307 şüpheli yakalandı.","Banka Hesaplarından 5.3 Milyar Aktı: Antalya ve 22 İlde Kara Para Aklayanlara Baskın Serisi Banka Hesaplarından 5.3 Milyar Aktı: Antalya ve 22 İlde Kara Para Aklayanlara Baskın Serisi Akdeniz Gerçek Antalya dahil 23 şehirde eş zamanlı baskınlar yapılarak milyarlarca liralık kara para trafiği ortaya çıkarıldı, operasyonlarda 307 şüpheli yakalandı.",browser_full_article,https://www.akdenizgercek.com.tr/video/antalya/banka-hesaplarindan-53-milyar-akti-antalya-ve-22-ilde-kara-para-aklayanlara-baskin-serisi/380101,,,,,,,,il yok | ilçe yok | firma yok | faaliyet/tesis yok,,,,maps araması yapılmadı,,,82.49,11
2026-07-03 06:44:43,MASAK,Kara Para / MASAK / Bahis,İTO Başkanı Şekib Avdagiç'ten Masak'a çağrı: 'Limitleri güncelleyip dijital kayıtları yaygınlaştıralım',İTO Başkanı Şekib Avdagiç'ten Masak'a çağrı: 'Limitleri güncelleyip dijital kayıtları yaygınlaştıralım' İstanbul Ticaret Gazetesi,https://news.google.com/rss/articles/CBMizwFBVV95cUxObUFCOWZSN1pNQ2kxenQ5RkNzbTJzQ1h6Nk1qdUdaeVVhSG50RUI3elVBMEc5ODlpcjZUcy1fOF90QXE2UFRQUE02U3AwbS04cm9LNFk3ZHZSb2hnLVdxRjduOGtJOUg4RjdVRlVpbXpGTnZSQ2Fqb0FBaml1MVdYTXB2WDl4WjMxRnNQVFIxNWNIMlZYQ0huV1BKR2w1ckZGWXJtdGhHQmJoeVRjZ19qcjlGU2lRMVBLaHJvbk4zOURfQUlxWURvRkhnRzAzZTQ?oc=5,"masak, ticaret",,İTO Başkanı Şekib Avdagiç'ten Masak'a çağrı: 'Limitleri güncelleyip dijital kayıtları yaygınlaştıralım' İstanbul Ticaret Gazetesi,İTO Başkanı Şekib Avdagiç'ten Masak'a çağrı: 'Limitleri güncelleyip dijital kayıtları yaygınlaştıralım' İTO Başkanı Şekib Avdagiç'ten Masak'a çağrı: 'Limitleri güncelleyip dijital kayıtları yaygınlaştıralım' İstanbul Ticaret Gazetesi İTO Başkanı Şekib Avdagiç'ten Masak'a çağrı: 'Limitleri güncelleyip dijital kayıtları yaygınlaştıralım' İstanbul Ticaret Gazetesi,browser_failed,https://istanbulticaretgazetesi.com/ito-baskani-sekib-avdagicten-masaka-cagri-limitleri-guncelleyip-dijital-kayitlari-yayginlastiralim,,,,,,İstanbul Ticaret,İstanbul Ticaret:161:body+summary,il yok | ilçe yok | faaliyet/tesis yok,İstanbul Ticaret Türkiye,İstanbul Ticaret Üniversitesi | İstanbul Ticaret Merkezi | İstanbul Ticaret İl Müdürlüğü | İstanbul Ticaret İş Güvenliği ve Endüstriyel Ürünler San. A.Ş | İstanbul Ticaret Üniversitesi Küçükyalı Kampüsü,İstanbul Ticaret Üniversitesi,firma adı + güvenli maps adayı var,100.0 | 100.0 | 100.0 | 100.0 | 100.0,,207.04,12
2026-07-02 14:01:47,depo yangını,Fiziksel Risk / Yangın,Antalya Alanya'da 5 Yıldızlı Otelin Geri Dönüşüm Deposunda Yangın Çıktı,Antalya Alanya'da 5 Yıldızlı Otelin Geri Dönüşüm Deposunda Yangın Çıktı Mersin Haber,https://news.google.com/rss/articles/CBMiV0FVX3lxTE5fZHhiQkJkd1pBSk1QYWRlUnpzQUZjbzRDNll6VVlmT1lnOF9tbHMzOHpSS0JhVFk4NVdDbHlxMEU1TWFSZ05fc2gxOWFkZG5aUFlPUVVxa9IBV0FVX3lxTE5fZHhiQkJkd1pBSk1QYWRlUnpzQUZjbzRDNll6VVlmT1lnOF9tbHMzOHpSS0JhVFk4NVdDbHlxMEU1TWFSZ05fc2gxOWFkZG5aUFlPUVVxaw?oc=5,depo,depo,"Antalya Alanya'da 5 Yıldızlı Otelin Geri Dönüşüm Deposunda Yangın Çıktı Antalya'nın Alanya ilçesinde bir otelin geri dönüşüm deposunda meydana gelen yangın, itfaiye ekipleri tarafından kısa sürede kontrol altına alındı. 02 Temmuz 2026 @mersinhaber 'i takip et Yangın, saat 15.30 sularında Avsallar Mahallesi İncekum Caddesi üzerinde bulunan 5 yıldızlı bir otelin geri dönüşüm deposunda başladı. Edinilen bilgilere göre, otelin yakınındaki geri dönüşüm alanından yükselen duman ve alevleri gören çevredeki vatandaşlar, durumu hemen 112 Acil Çağrı Merkezi’ne bildirdi. İhbarın ardından Antalya Büyükşehir Belediyesi’ne bağlı Alanya İtfaiye Müdürlüğü ekipleri ve sağlık ekipleri, hızlı bir şekilde olay yerine intikal etti. Kısa sürede olay yerine ulaşan itfaiye ekipleri, alevlere müdahale ederek yangını kontrol altına aldı ve tamamen söndürdü. Ardından, soğutma çalışmaları gerçekleştirmek üzere alanda kalan ekipler, olası bir yeniden alevlenme durumuna karşı dikkatli davrandı. Yangının çıkış sebebi ile ilgili olarak yetkililer inceleme başlattı. Yangının nedeni ve maddi hasar hakkında detaylı bilgi edinilmesi bekleniyor. Yangın, saat 15.30 sularında Avsallar Mahallesi İncekum Caddesi üzerinde bulunan 5 yıldızlı bir otelin geri dönüşüm deposunda başladı. Edinilen bilgilere göre, otelin yakınındaki geri dönüşüm alanından yükselen duman ve alevleri gören çevredeki vatandaşlar, durumu hemen 112 Acil Çağrı Merkezi’ne bildirdi. İhbarın ardından Antalya Büyükşehir Belediyesi’ne bağlı Alanya İtfaiye Müdürlüğü ekipleri ve sağlık ekipleri, hızlı bir şekilde olay yerine intikal etti. Kısa sürede olay yerine ulaşan itfaiye ekipleri, alevlere müdahale ederek yangını kontrol altına aldı ve tamamen söndürdü. Ardından, soğutma çalışmaları gerçekleştirmek üzere alanda kalan ekipler, olası bir yeniden alevlenme durumuna karşı dikkatli davrandı. Yangının çıkış sebebi ile ilgili olarak yetkililer inceleme başlattı. Yangının nedeni ve maddi hasar hakkında detaylı bilgi edinilmesi bekleniyor. 02 Temmuz 2026 @mersinhaber 'i takip et Yangın, saat 15.30 sularında Avsallar Mahallesi İncekum Caddesi üzerinde bulunan 5 yıldızlı bir otelin geri dönüşüm deposunda başladı. Edinilen bilgilere göre, otelin yakınındaki geri dönüşüm alanından yükselen duman ve alevleri gören çevredeki vatandaşlar, durumu hemen 112 Acil Çağrı Merkezi’ne bildirdi. İhbarın ardından Antalya Büyükşehir Belediyesi’ne bağlı Alanya İtfaiye Müdürlüğü ekipleri ve sağlık ekipleri, hızlı bir şekilde olay yerine intikal etti. Kısa sürede olay yerine ulaşan itfaiye ekipleri, alevlere müdahale ederek yangını kontrol altına aldı ve tamamen söndürdü. Ardından, soğutma çalışmaları gerçekleştirmek üzere alanda kalan ekipler, olası bir yeniden alevlenme durumuna karşı dikkatli davrandı. Yangının çıkış sebebi ile ilgili olarak yetkililer inceleme başlattı. Yangının nedeni ve maddi hasar hakkında detaylı bilgi edinilmesi bekleniyor. Antalya Alanya'da 5 Yıldızlı Otelin Geri Dönüşüm Deposunda Yangın Çıktı Antalya'nın Alanya ilçesinde bir otelin geri dönüşüm deposunda meydana gelen yangın, itfaiye ekipleri tarafından kısa sürede kontrol altına alındı. Yangın, saat 15.30 sularında Avsallar Mahallesi İncekum Caddesi üzerinde bulunan 5 yıldızlı bir otelin geri dönüşüm deposunda başladı. Edinilen bilgilere göre, otelin yakınındaki geri dönüşüm alanından yükselen duman ve alevleri gören çevredeki vatandaşlar, durumu hemen 112 Acil Çağrı Merkezi’ne bildirdi. İhbarın ardından Antalya Büyükşehir Belediyesi’ne bağlı Alanya İtfaiye Müdürlüğü ekipleri ve sağlık ekipleri, hızlı bir şekilde olay yerine intikal etti. Kısa sürede olay yerine ulaşan itfaiye ekipleri, alevlere müdahale ederek yangını kontrol altına aldı ve tamamen söndürdü. Ardından, soğutma çalışmaları gerçekleştirmek üzere alanda kalan ekipler, olası bir yeniden alevlenme durumuna karşı dikkatli davrandı. Yangının çıkış sebebi ile ilgili olarak yetkililer inceleme başlattı. Yangının nedeni ve maddi hasar hakkında detaylı bilgi edinilmesi bekleniyor.","Antalya Alanya'da 5 Yıldızlı Otelin Geri Dönüşüm Deposunda Yangın Çıktı Antalya Alanya'da 5 Yıldızlı Otelin Geri Dönüşüm Deposunda Yangın Çıktı Mersin Haber Antalya Alanya'da 5 Yıldızlı Otelin Geri Dönüşüm Deposunda Yangın Çıktı Antalya'nın Alanya ilçesinde bir otelin geri dönüşüm deposunda meydana gelen yangın, itfaiye ekipleri tarafından kısa sürede kontrol altına alındı. 02 Temmuz 2026 @mersinhaber 'i takip et Yangın, saat 15.30 sularında Avsallar Mahallesi İncekum Caddesi üzerinde bulunan 5 yıldızlı bir otelin geri dönüşüm deposunda başladı. Edinilen bilgilere göre, otelin yakınındaki geri dönüşüm alanından yükselen duman ve alevleri gören çevredeki vatandaşlar, durumu hemen 112 Acil Çağrı Merkezi’ne bildirdi. İhbarın ardından Antalya Büyükşehir Belediyesi’ne bağlı Alanya İtfaiye Müdürlüğü ekipleri ve sağlık ekipleri, hızlı bir şekilde olay yerine intikal etti. Kısa sürede olay yerine ulaşan itfaiye ekipleri, alevlere müdahale ederek yangını kontrol altına aldı ve tamamen söndürdü. Ardından, soğutma çalışmaları gerçekleştirmek üzere alanda kalan ekipler, olası bir yeniden alevlenme durumuna karşı dikkatli davrandı. Yangının çıkış sebebi ile ilgili olarak yetkililer inceleme başlattı. Yangının nedeni ve maddi hasar hakkında detaylı bilgi edinilmesi bekleniyor. Yangın, saat 15.30 sularında Avsallar Mahallesi İncekum Caddesi üzerinde bulunan 5 yıldızlı bir otelin geri dönüşüm deposunda başladı.",browser_full_article,https://www.mersinhaber.com/amp/haber/692711,Antalya,Alanya,30 sularında Avsallar Mahallesi,sularında Avsallar Mahallesi İncekum Caddesi,,,,firma yok | faaliyet/tesis yok,,,,maps araması yapılmadı,,,149.5,13
2026-07-02 09:38:58,depo yangını,Fiziksel Risk / Yangın,Trabzon’da 7 katlı apartmanın deposunda yangın çıktı.,Trabzon’da 7 katlı apartmanın deposunda yangın çıktı. Haber61,https://news.google.com/rss/articles/CBMidkFVX3lxTE1yalVMTEdzWThsTHBUX284NHY3VmR3SVlFd1hYbmdhQnJ0RkE0WVBpXzRVZDdzUXE5Tkk5YUpzaVlvcjMxMTNTTTdYNFgyVXdsanNYM2wzS28zMV9iZFA5cnBEVXlkUnhSNFJEdVVxTEV4NFdvMnfSAXtBVV95cUxQZ0ZpUjZBZEpiSWpjelMxZmtSNDlfajd4czVnNkFSbkVQOTJtdERtWFFVTGxrdnIzcF8xTDBZLTIxUk5HM2ctems4OTAyMGg5eUQ3Sy14Rno5T0J0aGdiblY1UlJjTnZMYzUyNkxVZ3NZZTlxcUp4a2xJLWM?oc=5,depo,depo,Trabzon’da 7 katlı apartmanın deposunda yangın çıktı. Haber61,Trabzon’da 7 katlı apartmanın deposunda yangın çıktı. Trabzon’da 7 katlı apartmanın deposunda yangın çıktı. Haber61 Trabzon’da 7 katlı apartmanın deposunda yangın çıktı.,browser_failed,https://www.haber61.net/trabzon/trabzonda-korkutan-yangin-12/447160,Trabzon,,,,,,,ilçe yok | firma yok | faaliyet/tesis yok,,,,maps araması yapılmadı,,,60.36,14
2026-07-02 09:42:17,iflas,İflas / Konkordato / Mali Sorun,Kayseri'de iflas eden firma ile ilgili yeni gelişme! İkinci kez toplanacaklar,Kayseri'de iflas eden firma ile ilgili yeni gelişme! İkinci kez toplanacaklar Kayseri Olay Haber,https://news.google.com/rss/articles/CBMisgFBVV95cUxPUzZnb0NSY21TT0daLWZTZzl1andGZmZzRzRJNHM4RlY3U1hLLU1JbG1GRDVlaU84UElBdXYzX2RGaHdCMnV6QWF0TFc4UGJzRWFUTFJoRFhSTGhVeDZuWVlTREQxaXNzU3NqeWhZTzdUX1JoRGg0NnA0d2RycEQ3WXpMTXdLTkVvYndoRHZUTnE3MzBOYTdrUWh2Sm55NkV3QlFSMkZxU3FGblhHcmFlRDh3?oc=5,firma,şirket / firma,"www.kayseriolay.com Güvenlik doğrulaması yapılıyor Bu web sitesi, kötü niyetli botlara karşı korunmak için bir güvenlik hizmeti kullanıyor. Web sitesi bir bot olmadığınızı doğrularken bu sayfa görüntülenir. Doğrulama başarılı. www.kayseriolay.com adresinin yanıt vermesi bekleniyor Güvenlik doğrulaması yapılıyor Doğrulama başarılı. www.kayseriolay.com adresinin yanıt vermesi bekleniyor Bu web sitesi, kötü niyetli botlara karşı korunmak için bir güvenlik hizmeti kullanıyor. Web sitesi bir bot olmadığınızı doğrularken bu sayfa görüntülenir.","Kayseri'de iflas eden firma ile ilgili yeni gelişme! İkinci kez toplanacaklar Kayseri'de iflas eden firma ile ilgili yeni gelişme! İkinci kez toplanacaklar Kayseri Olay Haber www.kayseriolay.com Güvenlik doğrulaması yapılıyor Bu web sitesi, kötü niyetli botlara karşı korunmak için bir güvenlik hizmeti kullanıyor. Web sitesi bir bot olmadığınızı doğrularken bu sayfa görüntülenir. www.kayseriolay.com adresinin yanıt vermesi bekleniyor Güvenlik doğrulaması yapılıyor Doğrulama başarılı. www.kayseriolay.com adresinin yanıt vermesi bekleniyor Bu web sitesi, kötü niyetli botlara karşı korunmak için bir güvenlik hizmeti kullanıyor.",browser_full_article,https://www.kayseriolay.com/kayseri-de-iflas-eden-firma-ile-ilgili-yeni-gelisme-ikinci-kez-toplanacaklar/186999/,Kayseri,,,,,,,ilçe yok | firma yok | faaliyet/tesis yok,,,,maps araması yapılmadı,,,93.93,15
2026-07-02 08:48:21,iflas,İflas / Konkordato / Mali Sorun,Sanayide şok iflas: Ülker ile dev üretim yapan Modern Çikolata kepenk indirdi,Sanayide şok iflas: Ülker ile dev üretim yapan Modern Çikolata kepenk indirdi | EKONOMİ HABERLERİ GZT,https://news.google.com/rss/articles/CBMiygFBVV95cUxNZE1QM0dONkVMOUZfeE9JLU1KMWxMLUsyUVJfNDREdHBKMXkxbTJya2E5VVRBYXEyakF5NDUyQVdWRGx5NHJqRUtoMXh2bVhFTFZVQVhqX1BYb1o3ZVVtMVJCTHRCd2JIbTRPZVBaQVpBdG45NjJiOExWaEl0a2NrbGloZTY1RTliaUNicG15QkYyYnVPejZMaDdjdkhfbngtNnVUTlR0RzZmLXRBUWZHdXVnWkhyeVZPUEREWjdmOUQ5anE0NXREQWln?oc=5,"sanayi, üretim",üretim tesisi,"Karaman merkezli Modern Çikolata, yaklaşık 40 yıl süren faaliyetlerinin ardından iflas etti. Geçen yıl konkordato ilan eden şirket, Ülker ile ortaklık yaparak 300’ü aşkın ürün üretiyor ve bölge ülkelerine ihracat gerçekleştiriyordu. İSO 500 listesinde yer alan firma, 3 binden fazla çalışanıyla Türkiye’nin önemli gıda üreticilerindendi. Karaman merkezli Modern Çikolata, yaklaşık 40 yıl süren faaliyetlerinin ardından iflas etti. Geçen yıl konkordato ilan eden şirket, Ülker ile ortaklık yaparak 300’ü aşkın ürün üretiyor ve bölge ülkelerine ihracat gerçekleştiriyordu. İSO 500 listesinde yer alan firma, 3 binden fazla çalışanıyla Türkiye’nin önemli gıda üreticilerindendi.","Sanayide şok iflas: Ülker ile dev üretim yapan Modern Çikolata kepenk indirdi Sanayide şok iflas: Ülker ile dev üretim yapan Modern Çikolata kepenk indirdi | EKONOMİ HABERLERİ GZT Karaman merkezli Modern Çikolata, yaklaşık 40 yıl süren faaliyetlerinin ardından iflas etti. Geçen yıl konkordato ilan eden şirket, Ülker ile ortaklık yaparak 300’ü aşkın ürün üretiyor ve bölge ülkelerine ihracat gerçekleştiriyordu. İSO 500 listesinde yer alan firma, 3 binden fazla çalışanıyla Türkiye’nin önemli gıda üreticilerindendi.",browser_full_article,https://www.gzt.com/ekonomi/sanayide-sok-iflas-ulker-ile-dev-uretim-yapan-modern-cikolata-kepenk-indirdi-ekonomi-haberleri-4022185,Karaman,,,,,,,ilçe yok | firma yok | faaliyet/tesis yok,,,,maps araması yapılmadı,,,96.5,16
2026-07-02 23:09:10,iflas,İflas / Konkordato / Mali Sorun,ABD'nin 13 milyar dolarlık gemisinde lojistik iflas,ABD'nin 13 milyar dolarlık gemisinde lojistik iflas Yakın Doğu Haber,https://news.google.com/rss/articles/CBMiqwFBVV95cUxPT2pRai1ncUg0RHlvR3VXWDVTWnJCa1NfaUVQOW5EMmF6U0RhNXJtTzZXTWlqV0otc1BzYnQ2Qzg5S0VxRmNrQ2lZUnItVTZQQXphOXludm9vc1VtUHdoTlI2dDg1S3VhWDFibUhVallnNFVOU0J3b2x4LUJoTVBxRVVxd1YtQTdfZTUtNVNoZUpITEo3OWh4SDQwemtmTXBhTklYQmhqZjdfN0U?oc=5,lojistik,,"ABD’nin İran’a yönelik askeri baskı stratejisi kapsamında görev süresi defalarca uzatılan USS Gerald R. Ford uçak gemisi, stratejik hedeflerin ötesinde yapısal ve insani bir krizle karşı karşıya. ABD’nin İran’a yönelik askeri baskı stratejisi kapsamında görev süresi defalarca uzatılan USS Gerald R. Ford uçak gemisi, stratejik hedeflerin ötesinde yapısal ve insani bir krizle karşı karşıya. ABD’nin İran’a yönelik askeri baskı stratejisi kapsamında görev süresi defalarca uzatılan USS Gerald R. Ford uçak gemisi, stratejik hedeflerin ötesinde yapısal ve insani bir krizle karşı karşıya.","ABD'nin 13 milyar dolarlık gemisinde lojistik iflas ABD'nin 13 milyar dolarlık gemisinde lojistik iflas Yakın Doğu Haber ABD’nin İran’a yönelik askeri baskı stratejisi kapsamında görev süresi defalarca uzatılan USS Gerald R. Ford uçak gemisi, stratejik hedeflerin ötesinde yapısal ve insani bir krizle karşı karşıya.",browser_full_article,https://www.ydh.com.tr/d/35718/d/36611/d/39369/rusya-en-yeni-nukleer-fuzesi-sarmat-i-9-mayis-ta-test-edecek,,,,,,,,il yok | ilçe yok | firma yok | faaliyet/tesis yok,,,,maps araması yapılmadı,,,56.37,17
2026-07-02 15:36:25,konkordato,İflas / Konkordato / Mali Sorun,Gaziantep OSB'de konkordato krizi!,Gaziantep OSB'de konkordato krizi! Sanayi Gazetesi,https://news.google.com/rss/articles/CBMicEFVX3lxTE1ZVlZUNGJ4Znh0R0M5ZUppZGlLRDJvZ2pTUzl6bjJ1U2pQcXhJUTByVTZfT3cxZjdXV2FfbVBLaDFzY3VMdUVSdUNyZlc4Y1hvclNXN2JIS210ek9wUzl2dTNBZHREWnItR3RXZW9lcGQ?oc=5,"osb, sanayi",,"Gaziantep sanayisinin köklü devlerinden Boyar Kimya için zorlu süreç: Mahkeme, şirketle birlikte Boyar Tekstil ve ortakları hakkında konkordato kapsamında kesin mühlet kararı verdi. Gaziantep sanayisinin köklü devlerinden Boyar Kimya için zorlu süreç: Mahkeme, şirketle birlikte Boyar Tekstil ve ortakları hakkında konkordato kapsamında kesin mühlet kararı verdi.","Gaziantep OSB'de konkordato krizi! Gaziantep OSB'de konkordato krizi! Sanayi Gazetesi Gaziantep sanayisinin köklü devlerinden Boyar Kimya için zorlu süreç: Mahkeme, şirketle birlikte Boyar Tekstil ve ortakları hakkında konkordato kapsamında kesin mühlet kararı verdi.",browser_full_article,https://sanayigazetesi.com.tr/gaziantep-osbde-konkordato-krizi/,Gaziantep,,Gaziantep OSB,,,,,ilçe yok | firma yok | faaliyet/tesis yok,,,,maps araması yapılmadı,,,73.13,18
2026-07-03 05:30:00,ödeme güçlüğü,Banka / Finansal Kuruluş,"FATSO Başkanı Karataş: ""Bankalar Şimdi Değilse Ne Zaman İşe Yarayacak?""","FATSO Başkanı Karataş: ""Bankalar Şimdi Değilse Ne Zaman İşe Yarayacak?"" Ordu Olay Gazetesi",https://news.google.com/rss/articles/CBMiqwFBVV95cUxPVkRvNnY2ejFERndYSXFsRllxbmFpMUpHcFA2S2FJMHpkRkFMNUkzQUJURE9OaTZJUllZSHhBVzA1aWttVW1JM2NhU3NtX0picUJWaDRWTFNCNldfVUx5TzZpeTVjdTRsT1owbWl6ZWNxY2REcmxqRU1YQk83cmZOUWU2aFZaaENuSkZ0MnFLbENBTE80dGVWZzF3RXFKdlZkNVc0LTJTWF83QVXSAbABQVVfeXFMT0had0FFcndzbG9FaVA2ZXk0Qi1BbzFGNUJFRFFkbkFIMnhqSV9wYU1WcFBoVEdCbVBNdnZEZ2RzSDE2bVVMMThDQ3dhb1VQTDZoY2swY3NlbWlrOVhPakhBdTBaS0V6ZWFIbmk4YU5NSm9COGFETUVLSFBzWmFWV0RlYnJtcDVuNTctdkJOUEJMbXgtM1gza3hQaDZWaC10TlkyQXZTb3JZTWd6NWJUbDI?oc=5,banka,finansal kuruluş,"Fatsa Ticaret ve Sanayi Odası (FATSO) Başkanı Tayfun Karataş, iş dünyasının finansmana erişimde tarihi bir darboğaz yaşadığını belirterek, başta kamu bankaları olmak üzere bankacılık sektörüne sert eleştiriler yöneltti. Fatsa Ticaret ve Sanayi Odası (FATSO) Başkanı Tayfun Karataş, iş dünyasının finansmana erişimde tarihi bir darboğaz yaşadığını belirterek, başta kamu bankaları... Fatsa Ticaret ve Sanayi Odası (FATSO) Başkanı Tayfun Karataş, iş dünyasının finansmana erişimde tarihi bir darboğaz yaşadığını belirterek, başta kamu bankaları olmak üzere bankacılık sektörüne sert eleştiriler yöneltti. Krediye ulaşmanın her geçen gün zorlaştığını, kredi kullanan işletmelerin ise yüksek faiz, komisyon ve ek maliyetlerle karşı karşıya bırakıldığını söyleyen Karataş, ""İş dünyası sabrının ve fedakârlığının son noktasına gelmiştir. Bankalar artık ekonomiye destek vermek zorundadır"" dedi. Fatsa Ticaret ve Sanayi Odası Başkanı Tayfun Karataş, yaptığı yazılı açıklamada Türkiye'de iş dünyasının karşı karşıya bulunduğu ekonomik tabloyu değerlendirdi. Son dönemde finansmana erişim konusunda yaptıkları uyarıları defalarca dile getirdiklerini hatırlatan Karataş, buna rağmen herhangi bir iyileşme yaşanmadığını ifade etti. Ekonomide yaşanan sorunların artık ertelenemez noktaya geldiğini belirten Karataş, ülke gündeminin merkezine ekonominin yerleştirilmesi gerektiğini söyledi: ""Gözlerin farklı gündemlerden çekilip ekonomiye çevrilmesi gerekiyor. Çünkü bugün ülkemizin sadece birinci değil, ikinci, üçüncü ve diğer bütün gündem maddesi de ekonomi olmalıdır."" ""DEZENFLASYON PROGRAMI BEKLENEN SONUCU VERMEDİ"" Uygulanan ekonomik programın iş dünyası üzerindeki yükü artırdığını savunan Karataş, enflasyonla mücadelede istenen sonucun elde edilemediğini söyledi. Özellikle küçük ve orta ölçekli işletmeler ile sanayi kuruluşlarının ağır finansman maliyetleri altında ezildiğini belirten Karataş, mevcut ekonomik şartların üretim yapan kesimleri her geçen gün daha fazla zorladığını dile getirdi. ""BANKALAR KREDİ VERMEMEK İÇİN HER YOLU DENİYOR"" İş dünyasının en büyük sorununun finansmana erişim olduğunu belirten Karataş, özellikle kamu bankalarının kredi süreçlerinde işletmeleri zorladığını ifade etti. Üyelerinden sürekli aynı yönde şikâyetler aldıklarını belirten Karataş, bankaların kredi kullandırmamak adına çok sayıda prosedür uyguladığını öne sürdü: ""Herhangi bir finansman talebinde bütün imkânlar adeta kredi kullandırmamak üzerine seferber ediliyor."" ""KREDİ KOMİSYONLARI VE MASRAFLAR İŞLETMELERİ ZORLUYOR"" Kredi kullanabilen işletmelerin de yüksek maliyetlerle karşı karşıya kaldığını belirten Karataş, kredi tahsis ücretleri, komisyonlar ve ilave masrafların üreticiyi ve sanayiciyi zor durumda bıraktığını söyledi. Bankaların uyguladığı ek maliyetleri eleştiren Karataş, işletmelerin üretim yaptığına ve istihdam sağladığına pişman olacak noktaya getirildiğini savundu. ""POS KOMİSYONLARI ESNAFIN KAZANCINI ERİTİYOR"" Karataş, bankaların POS cihazlarından aldığı komisyonların da işletmeler üzerinde ağır yük oluşturduğunu belirtti. Birçok işletmenin yüzde 5 ila 10 arasında değişen kâr marjıyla faaliyet gösterdiğini ifade eden Karataş, bunun yaklaşık yüzde 4'ünün banka komisyonu olarak kesildiğini söyledi. Bu durumun sürdürülebilir ticareti tehdit ettiğini belirten Karataş, bankaların POS komisyonlarını yeniden değerlendirmesi gerektiğini kaydetti. ""BCH KREDİLERİNDEKİ ÖDEME GÜÇLÜĞÜ ALARM VERİYOR"" Rotatif işletme kredileri (BCH) kullanan çok sayıda işletmenin geri ödemelerde zorlandığını ifade eden Karataş, maliyetlerin kontrol edilemez seviyelere ulaştığını söyledi. Borçların katlanarak büyüdüğünü belirten Karataş, bu sürecin devam etmesi halinde hem iş dünyasının hem de bankacılık sektörünün olumsuz etkileneceğini dile getirdi. ""BANKALAR REKOR KÂR EDERKEN REEL SEKTÖR DESTEK BEKLİYOR"" Bankacılık Düzenleme ve Denetleme Kurumu'nun (BDDK) açıkladığı verilere de değinen Karataş, bankacılık sektörünün kârlılığını artırmaya devam ettiğini söyledi. İlk beş ayda bankaların net dönem kârının geçen yılın aynı dönemine göre yüzde 29 arttığını hatırlatan Karataş, bu büyümenin reel sektöre yeterince yansımadığını ifade etti. Son beş yılda bankacılık sektörünün önemli kâr artışları elde ettiğini belirten Karataş, bunun artık iş dünyasına destek olarak geri dönmesi gerektiğini söyledi. Haber Merkezi FATSO Başkanı Karataş: ""Bankalar Şimdi Değilse Ne Zaman İşe Yarayacak?"" ""DEZENFLASYON PROGRAMI BEKLENEN SONUCU VERMEDİ"" ""BANKALAR KREDİ VERMEMEK İÇİN HER YOLU DENİYOR"" ""KREDİ KOMİSYONLARI VE MASRAFLAR İŞLETMELERİ ZORLUYOR"" ""POS KOMİSYONLARI ESNAFIN KAZANCINI ERİTİYOR"" ""BCH KREDİLERİNDEKİ ÖDEME GÜÇLÜĞÜ ALARM VERİYOR"" ""BANKALAR REKOR KÂR EDERKEN REEL SEKTÖR DESTEK BEKLİYOR"" Fatsa Ticaret ve Sanayi Odası (FATSO) Başkanı Tayfun Karataş, iş dünyasının finansmana erişimde tarihi bir darboğaz yaşadığını belirterek, başta kamu bankaları olmak üzere bankacılık sektörüne sert eleştiriler yöneltti. Krediye ulaşmanın her geçen gün zorlaştığını, kredi kullanan işletmelerin ise yüksek faiz, komisyon ve ek maliyetlerle karşı karşıya bırakıldığını söyleyen Karataş, ""İş dünyası sabrının ve fedakârlığının son noktasına gelmiştir. Bankalar artık ekonomiye destek vermek zorundadır"" dedi. Fatsa Ticaret ve Sanayi Odası Başkanı Tayfun Karataş, yaptığı yazılı açıklamada Türkiye'de iş dünyasının karşı karşıya bulunduğu ekonomik tabloyu değerlendirdi. Son dönemde finansmana erişim konusunda yaptıkları uyarıları defalarca dile getirdiklerini hatırlatan Karataş, buna rağmen herhangi bir iyileşme yaşanmadığını ifade etti. Ekonomide yaşanan sorunların artık ertelenemez noktaya geldiğini belirten Karataş, ülke gündeminin merkezine ekonominin yerleştirilmesi gerektiğini söyledi: ""Gözlerin farklı gündemlerden çekilip ekonomiye çevrilmesi gerekiyor. Çünkü bugün ülkemizin sadece birinci değil, ikinci, üçüncü ve diğer bütün gündem maddesi de ekonomi olmalıdır."" Uygulanan ekonomik programın iş dünyası üzerindeki yükü artırdığını savunan Karataş, enflasyonla mücadelede istenen sonucun elde edilemediğini söyledi. Özellikle küçük ve orta ölçekli işletmeler ile sanayi kuruluşlarının ağır finansman maliyetleri altında ezildiğini belirten Karataş, mevcut ekonomik şartların üretim yapan kesimleri her geçen gün daha fazla zorladığını dile getirdi. İş dünyasının en büyük sorununun finansmana erişim olduğunu belirten Karataş, özellikle kamu bankalarının kredi süreçlerinde işletmeleri zorladığını ifade etti. Üyelerinden sürekli aynı yönde şikâyetler aldıklarını belirten Karataş, bankaların kredi kullandırmamak adına çok sayıda prosedür uyguladığını öne sürdü: ""Herhangi bir finansman talebinde bütün imkânlar adeta kredi kullandırmamak üzerine seferber ediliyor."" Kredi kullanabilen işletmelerin de yüksek maliyetlerle karşı karşıya kaldığını belirten Karataş, kredi tahsis ücretleri, komisyonlar ve ilave masrafların üreticiyi ve sanayiciyi zor durumda bıraktığını söyledi. Bankaların uyguladığı ek maliyetleri eleştiren Karataş, işletmelerin üretim yaptığına ve istihdam sağladığına pişman olacak noktaya getirildiğini savundu. Karataş, bankaların POS cihazlarından aldığı komisyonların da işletmeler üzerinde ağır yük oluşturduğunu belirtti. Birçok işletmenin yüzde 5 ila 10 arasında değişen kâr marjıyla faaliyet gösterdiğini ifade eden Karataş, bunun yaklaşık yüzde 4'ünün banka komisyonu olarak kesildiğini söyledi. Bu durumun sürdürülebilir ticareti tehdit ettiğini belirten Karataş, bankaların POS komisyonlarını yeniden değerlendirmesi gerektiğini kaydetti. Rotatif işletme kredileri (BCH) kullanan çok sayıda işletmenin geri ödemelerde zorlandığını ifade eden Karataş, maliyetlerin kontrol edilemez seviyelere ulaştığını söyledi. Borçların katlanarak büyüdüğünü belirten Karataş, bu sürecin devam etmesi halinde hem iş dünyasının hem de bankacılık sektörünün olumsuz etkileneceğini dile getirdi. Bankacılık Düzenleme ve Denetleme Kurumu'nun (BDDK) açıkladığı verilere de değinen Karataş, bankacılık sektörünün kârlılığını artırmaya devam ettiğini söyledi. İlk beş ayda bankaların net dönem kârının geçen yılın aynı dönemine göre yüzde 29 arttığını hatırlatan Karataş, bu büyümenin reel sektöre yeterince yansımadığını ifade etti. Son beş yılda bankacılık sektörünün önemli kâr artışları elde ettiğini belirten Karataş, bunun artık iş dünyasına destek olarak geri dönmesi gerektiğini söyledi. 03 Tem 2026 - 08:30 - Ekonomi Yazdır Yorum yazarak Ordu Olay Gazetesi Topluluk Kuralları’nı kabul etmiş bulunuyor ve yorumunuzla ilgili doğrudan veya dolaylı tüm sorumluluğu tek başınıza üstleniyorsunuz. Yazılan yorumlardan Ordu Olay Gazetesi hiçbir şek","FATSO Başkanı Karataş: ""Bankalar Şimdi Değilse Ne Zaman İşe Yarayacak?"" FATSO Başkanı Karataş: ""Bankalar Şimdi Değilse Ne Zaman İşe Yarayacak?"" Ordu Olay Gazetesi Fatsa Ticaret ve Sanayi Odası (FATSO) Başkanı Tayfun Karataş, iş dünyasının finansmana erişimde tarihi bir darboğaz yaşadığını belirterek, başta kamu bankaları olmak üzere bankacılık sektörüne sert eleştiriler yöneltti. Fatsa Ticaret ve Sanayi Odası (FATSO) Başkanı Tayfun Karataş, iş dünyasının finansmana erişimde tarihi bir darboğaz yaşadığını belirterek, başta kamu bankaları... Krediye ulaşmanın her geçen gün zorlaştığını, kredi kullanan işletmelerin ise yüksek faiz, komisyon ve ek maliyetlerle karşı karşıya bırakıldığını söyleyen Karataş, ""İş dünyası sabrının ve fedakârlığının son noktasına gelmiştir. Bankalar artık ekonomiye destek vermek zorundadır"" dedi. Fatsa Ticaret ve Sanayi Odası Başkanı Tayfun Karataş, yaptığı yazılı açıklamada Türkiye'de iş dünyasının karşı karşıya bulunduğu ekonomik tabloyu değerlendirdi. Son dönemde finansmana erişim konusunda yaptıkları uyarıları defalarca dile getirdiklerini hatırlatan Karataş, buna rağmen herhangi bir iyileşme yaşanmadığını ifade etti. Ekonomide yaşanan sorunların artık ertelenemez noktaya geldiğini belirten Karataş, ülke gündeminin merkezine ekonominin yerleştirilmesi gerektiğini söyledi: ""Gözlerin farklı gündemlerden çekilip ekonomiye çevrilmesi gerekiyor. Çünkü bugün ülkemizin sadece birinci değil, ikinci, üçüncü ve diğer bütün gündem maddesi de ekonomi olmalıdır."" ""DEZENFLASYON PROGRAMI BEKLENEN SONUCU VERMEDİ"" Uygulanan ekonomik programın iş dünyası üzerindeki yükü artırdığını savunan Karataş, enflasyonla mücadelede istenen sonucun elde edilemediğini söyledi. Özellikle küçük ve orta ölçekli işletmeler ile sanayi kuruluşlarının ağır finansman maliyetleri altında ezildiğini belirten Karataş, mevcut ekonomik şartların üretim yapan kesimleri her geçen gün daha fazla zorladığını dile getirdi. ""BANKALAR KREDİ VERMEMEK İÇİN HER YOLU DENİYOR"" İş dünyasının en büyük sorununun finansmana erişim olduğunu belirten Karataş, özellikle kamu bankalarının kredi süreçlerinde işletmeleri zorladığını ifade etti. Üyelerinden sürekli aynı yönde şikâyetler aldıklarını belirten Karataş, bankaların kredi kullandırmamak adına çok sayıda prosedür uyguladığını öne sürdü: ""Herhangi bir finansman talebinde bütün imkânlar adeta kredi kullandırmamak üzerine seferber ediliyor."" ""KREDİ KOMİSYONLARI VE MASRAFLAR İŞLETMELERİ ZORLUYOR"" Kredi kullanabilen işletmelerin de yüksek maliyetlerle karşı karşıya kaldığını belirten Karataş, kredi tahsis ücretleri, komisyonlar ve ilave masrafların üreticiyi ve sanayiciyi zor durumda bıraktığını söyledi. Bankaların uyguladığı ek maliyetleri eleştiren Karataş, işletmelerin üretim yaptığına ve istihdam sağladığına pişman olacak noktaya getirildiğini savundu. ""POS KOMİSYONLARI ESNAFIN KAZANCINI ERİTİYOR"" Karataş, bankaların POS cihazlarından aldığı komisyonların da işletmeler üzerinde ağır yük oluşturduğunu belirtti. Birçok işletmenin yüzde 5 ila 10 arasında değişen kâr marjıyla faaliyet gösterdiğini ifade eden Karataş, bunun yaklaşık yüzde 4'ünün banka komisyonu olarak kesildiğini söyledi. Bu durumun sürdürülebilir ticareti tehdit ettiğini belirten Karataş, bankaların POS komisyonlarını yeniden değerlendirmesi gerektiğini kaydetti. ""BCH KREDİLERİNDEKİ ÖDEME GÜÇLÜĞÜ ALARM VERİYOR"" Rotatif işletme kredileri (BCH) kullanan çok sayıda işletmenin geri ödemelerde zorlandığını ifade eden Karataş, maliyetlerin kontrol edilemez seviyelere ulaştığını söyledi. Borçların katlanarak büyüdüğünü belirten Karataş, bu sürecin devam etmesi halinde hem iş dünyasının hem de bankacılık sektörünün olumsuz etkileneceğini dile getirdi. ""BANKALAR REKOR KÂR EDERKEN REEL SEKTÖR DESTEK BEKLİYOR"" Bankacılık Düzenleme ve Denetleme Kurumu'nun (BDDK) açıkladığı verilere de değinen Karataş, bankacılık sektörünün kârlılığını artırmaya devam ettiğini söyledi. İlk beş ayda bankaların net dönem kârının geçen yılın aynı dönemine göre yüzde 29 arttığını hatırlatan Karataş, bu büyümenin reel sektöre yeterince yansımadığını ifade etti. Son beş yılda bankacılık sektörünün önemli kâr artışları elde ettiğini belirten Karataş, bunun artık iş dünyasına destek olarak geri dönmesi gerektiğini söyledi. Haber Merkezi FATSO Başkanı Karataş: ""Bankalar Şimdi Değilse Ne Zaman İşe Yarayacak?"" ""DEZENFLASYON PROGRAMI BEKLENEN SONUCU VERMEDİ"" ""BANKALAR KREDİ VERMEMEK İÇİN HER YOLU DENİYOR"" ""KREDİ KOMİSYONLARI VE MASRAFLAR İŞLETMELERİ ZORLUYOR"" ""POS KOMİSYONLARI ESNAFIN KAZANCINI ERİTİYOR"" ""BCH KREDİLERİNDEKİ ÖDEME GÜÇLÜĞÜ ALARM VERİYOR"" ""BANKALAR REKOR KÂR EDERKEN REEL SEKTÖR DESTEK BEKLİYOR"" Fatsa Ticaret ve Sanayi Odası (FATSO) Başkanı Tayfun Karataş, iş dünyasının finansmana erişimde tarihi bir darboğaz yaşadığını belirterek, başta kamu bankaları olmak üzere bankacılık sektörüne sert eleştiriler yöneltti. Çünkü bugün ülkemizin sadece birinci değil, ikinci, üçüncü ve diğer bütün gündem maddesi de ekonomi olmalıdır."" Uygulanan ekonomik programın iş dünyası üzerindeki yükü artırdığını savunan Karataş, enflasyonla mücadelede istenen sonucun elde edilemediğini söyledi. İş dünyasının en büyük sorununun finansmana erişim olduğunu belirten Karataş, özellikle kamu bankalarının kredi süreçlerinde işletmeleri zorladığını ifade etti. Üyelerinden sürekli aynı yönde şikâyetler aldıklarını belirten Karataş, bankaların kredi kullandırmamak adına çok sayıda prosedür uyguladığını öne sürdü: ""Herhangi bir finansman talebinde bütün imkânlar adeta kredi kullandırmamak üzerine seferber ediliyor."" Kredi kullanabilen işletmelerin de yüksek maliyetlerle karşı karşıya kaldığını belirten Karataş, kredi tahsis ücretleri, komisyonlar ve ilave masrafların üreticiyi ve sanayiciyi zor durumda bıraktığını söyledi. Karataş, bankaların POS cihazlarından aldığı komisyonların da işletmeler üzerinde ağır yük oluşturduğunu belirtti. Rotatif işletme kredileri (BCH) kullanan çok sayıda işletmenin geri ödemelerde zorlandığını ifade eden Karataş, maliyetlerin kontrol edilemez seviyelere ulaştığını söyledi. Bankacılık Düzenleme ve Denetleme Kurumu'nun (BDDK) açıkladığı verilere de değinen Karataş, bankacılık sektörünün kârlılığını artırmaya devam ettiğini söyledi. 03 Tem 2026 - 08:30 - Ekonomi Yazdır Yorum yazarak Ordu Olay Gazetesi Topluluk Kuralları’nı kabul etmiş bulunuyor ve yorumunuzla ilgili doğrudan veya dolaylı tüm sorumluluğu tek başınıza üstleniyorsunuz.",browser_full_article,https://www.orduolay.com/haber/28275014/fatso-baskani-karatas-bankalar-simdi-degilse-ne-zaman-ise-yarayacak,,,,,,,,il yok | ilçe yok | firma yok | faaliyet/tesis yok,,,,maps araması yapılmadı,,,79.0,19
2026-07-02 21:39:22,yangın,Fiziksel Risk / Yangın,Etimesgut'ta Şeker Fabrikası yakınındaki boş arazide yangın,Etimesgut'ta Şeker Fabrikası yakınındaki boş arazide yangın Manşet Haber,https://news.google.com/rss/articles/CBMiowFBVV95cUxOYVpfTVo2bUpTc3VjNmQxbWk3NTZjZGNYWXBLN1N2WHpqREhHb2tlN3Mta01ueTVfTHBNMWpVWjI1Z25tWG5WX1IxLTRyVDFyR29oTGEybHFCTWh4LWxvbUVCc2JWbFgzVnRTbVVEeGRWNnpEQ3pta2R0VFdyWmNyZVIwSlRrYTFldHVIT3pOUmhRdW9rZ05TSmt5dnhWQ2d2WXI0?oc=5,fabrika,fabrika,Etimesgut'ta Şeker Fabrikası yakınındaki boş arazide yangın Manşet Haber,Etimesgut'ta Şeker Fabrikası yakınındaki boş arazide yangın Etimesgut'ta Şeker Fabrikası yakınındaki boş arazide yangın Manşet Haber Etimesgut'ta Şeker Fabrikası yakınındaki boş arazide yangın Manşet Haber,browser_failed,https://news.google.com/rss/articles/CBMiowFBVV95cUxOYVpfTVo2bUpTc3VjNmQxbWk3NTZjZGNYWXBLN1N2WHpqREhHb2tlN3Mta01ueTVfTHBNMWpVWjI1Z25tWG5WX1IxLTRyVDFyR29oTGEybHFCTWh4LWxvbUVCc2JWbFgzVnRTbVVEeGRWNnpEQ3pta2R0VFdyWmNyZVIwSlRrYTFldHVIT3pOUmhRdW9rZ05TSmt5dnhWQ2d2WXI0?oc=5&hl=tr&gl=TR&ceid=TR:tr,Ankara,Etimesgut,,,ta Şeker Fabrikası,,,firma yok,ta Şeker Fabrikası Etimesgut Ankara Türkiye,Türk Şeker Fabrikası,Türk Şeker Fabrikası,"firma adı yok, tesis/lokasyon ile maps tahmini var",100,,150.22,20
2026-07-02 19:08:41,yangın,Fiziksel Risk / Yangın,İstanbul'da hayvancılık işletmesinde yangın,İstanbul'da hayvancılık işletmesinde yangın Malatya Güncel,https://news.google.com/rss/articles/CBMijwFBVV95cUxQY1JtSUhWTC1JMmFpZ2JQZF9MY1o3NmNZSzc4R0MtcnE4RzdEazdyWHlhVG5mRi1LVHVwemFwUnFZYWMzbkFjWFhYWW5yRFgxV3lhbTBPa0RidXdXMDljclBLVHpiNEhJVDI3eTJWQkxKbmxOdTZYQ3Zab2VQYm8zel9SaTZQU1VEQTdzNXB5ONIBlAFBVV95cUxNcEk1aDhXTExsWGNLLXVHMkFuak9vTkgxS05kR2RwLTRYLUIxREtJUEVRb01Md1U4WG8zdE5CWHR1LWNacmQ3c1oyOWMwTDVRc2RZT2RwMS1fMUE3SGNLeFpjMEY5aEV0RkVyY0NFUDJfZTlSY3ZpTWtPcUF5V255MWRtekdqMWoxOU01RExUTGtOY3Bp?oc=5,işletme,,Silivri ilçesi Büyükkılıçlı Mahallesi Çeberlitaş Sokak'ta bulunan hayvan üretim ve bakım merkezli bir iş yerinde yangın çıktı. Haber verilmesi üzerine olay itfaiye ekipleri sevk edildi. Olay yerine ulaşan ekiplerin müdahalesiyle yangın kontrol altına alın Silivri ilçesi Büyükkılıçlı Mahallesi Çeberlitaş Sokak'ta bulunan hayvan üretim ve bakım merkezli bir iş yerinde yangın çıktı. Haber verilmesi üzerine olay itfaiye ekipleri sevk edildi. Olay yerine ulaşan ekiplerin müdahalesiyle yangın kontrol altına alın Silivri ilçesi Büyükkılıçlı Mahallesi Çeberlitaş Sokak'ta bulunan hayvan üretim ve bakım merkezli bir iş yerinde yangın çıktı. Haber verilmesi üzerine olay itfaiye ekipleri sevk edildi. Olay yerine ulaşan ekiplerin müdahalesiyle yangın kontrol altına alın,İstanbul'da hayvancılık işletmesinde yangın İstanbul'da hayvancılık işletmesinde yangın Malatya Güncel Silivri ilçesi Büyükkılıçlı Mahallesi Çeberlitaş Sokak'ta bulunan hayvan üretim ve bakım merkezli bir iş yerinde yangın çıktı. Olay yerine ulaşan ekiplerin müdahalesiyle yangın kontrol altına alın Silivri ilçesi Büyükkılıçlı Mahallesi Çeberlitaş Sokak'ta bulunan hayvan üretim ve bakım merkezli bir iş yerinde yangın çıktı. Olay yerine ulaşan ekiplerin müdahalesiyle yangın kontrol altına alın,browser_full_article,https://www.malatyaguncel.com/istanbul-da-hayvancilik-isletmesinde-yangin-3098743h.htm,İstanbul,Silivri,Güncel Silivri ilçesi Büyükkılıçlı Mahallesi | alın Silivri ilçesi Büyükkılıçlı Mahallesi,,,,,firma yok | faaliyet/tesis yok,,,,maps araması yapılmadı,,,101.67,21
2026-07-03 04:23:58,yangın,Fiziksel Risk / Yangın,Ayvalı Çöp Depolama Alanında Yangın,Ayvalı Çöp Depolama Alanında Yangın darendepostasi.com,https://news.google.com/rss/articles/CBMihAFBVV95cUxPZTlfUmR3Rl91UFNWZGFHYVdWVjdSQ196OHZRNVZyY0F5bFJCSXRWQldqaDhOb3dGMlJ3MlJIUFBCYlo1Ynk0a18yOUdLU1ZibHNxVUUzYXlGc0JEMGYzMXpFdXBONVNaS29zQkUyZE5BVEp2bHhWNm1lMjZEYjZxUTdkOHI?oc=5,depo,depo,Ayvalı Çöp Depolama Alanında Yangın darendepostasi.com,Ayvalı Çöp Depolama Alanında Yangın Ayvalı Çöp Depolama Alanında Yangın darendepostasi.com Ayvalı Çöp Depolama Alanında Yangın darendepostasi.com,browser_failed,https://news.google.com/rss/articles/CBMihAFBVV95cUxPZTlfUmR3Rl91UFNWZGFHYVdWVjdSQ196OHZRNVZyY0F5bFJCSXRWQldqaDhOb3dGMlJ3MlJIUFBCYlo1Ynk0a18yOUdLU1ZibHNxVUUzYXlGc0JEMGYzMXpFdXBONVNaS29zQkUyZE5BVEp2bHhWNm1lMjZEYjZxUTdkOHI?oc=5&hl=tr&gl=TR&ceid=TR:tr,,,,,,,,il yok | ilçe yok | firma yok | faaliyet/tesis yok,,,,maps araması yapılmadı,,,39.54,22
2026-07-02 21:03:44,rüşvet,Diğer,"Kara Kuvvetleri Komutanlığı'ndaki lojistik ihale şebekesi hakim karşısında! Sanıklar suçu birbirine atıp rüşvete ""komisyon"" dedi!","Kara Kuvvetleri Komutanlığı'ndaki lojistik ihale şebekesi hakim karşısında! Sanıklar suçu birbirine atıp rüşvete ""komisyon"" dedi! Yeni Akit Gazetesi",https://news.google.com/rss/articles/CBMihwJBVV95cUxOcGFsb1ZhY0xEcE1yUHRYSjNZbzRqQjJBSnVmNDgxVE1PZVFFaFQwbThHT3JaSFJNS1hPTHNTZWl2ak9nWW9yUTgzYzNpaGZtZnJjc01OX0tORjRPSUtFSUtrZGNqeWdkdnM0amtneTRqQlpPd09lWFVCQUpaTV9CU254bVZLTUFKWFRkSWdrOGlUN1AyN1dWRkN3WXBYM2J4am1BT0JocWMwWVZZNFlSbVBNNDRhVnJCMUpNZXF2bzIzczlJckhVZXlhSDdFSjJoNGVEb3QyeXVQQTdlMXVhNjRBT1JxVXhzMnY4RzVjZEtwVHFaMjhCck41cHhDb3puUjQzdlZ2SdIB_AFBVV95cUxNbTFYUnhfLURYZG9UWUE5NFlXMTFsRlVFTkVyckhIclJsazBYaDNCSnIzX05rTEZUUnhfNlVTNTFuU29Qdm9DT1I0MXBJbzhJMFNQZzFGb2pXMmtvRUZHaHBNSG0xdXRpTUpWcFNqeTNBRVh2SXdzNWt5TDJ0OFA3dDlibElTRTFERVNQSjhvY1Z4bnpkbHlxbVRVLVBIQVFzX2tCa1dSYmtGeVJXd0c1R2JmVXZyZXlZUWZKVmpoRzVtNmtBbVhmUHFaX29TS2NtMngxOVh3ZmVoVVJVUEVFVEtDNjBEMlM1ZUVWdUdrRl9wSHczZHo1Z1dIUmk?oc=5,lojistik,,"Devletin göz bebeği Kara Kuvvetleri Komutanlığı’nda askeri yük ve yolcu taşıma faaliyetlerine sinsi yöntemlerle fesat karıştırıp rüşvet çarkı döndüren 19 sanıklı dev şebekenin yargılanmasına Ankara 1. Ağır Ceza Mahkemesi'nde başlandı. Lojistik Komutanlığı bünyesindeki hak ediş süreçlerini hortumlayarak kamuyu zarara uğratmakla suçlanan 5'i tutuklu sanıklar, adliyede hakim karşısında adeta birbirini satarak ve kirli ilişkilerini ""borç-alacak"" kılıfına uydurmaya çalışarak paçayı kurtarma derdine düştü. Devletin göz bebeği Kara Kuvvetleri Komutanlığı’nda askeri yük ve yolcu taşıma faaliyetlerine sinsi yöntemlerle fesat karıştırıp rüşvet çarkı döndüren 19 sanıklı dev şebekenin yargılanmasına Ankara 1. Ağır Ceza Mahkemesi'nde başlandı. Lojistik Komutanlığı bünyesindeki hak ediş süreçlerini hortumlayarak kamuyu zarara uğratmakla suçlanan 5'i tutuklu sanıklar, adliyede hakim karşısında adeta birbirini satarak ve kirli ilişkilerini ""borç-alacak"" kılıfına uydurmaya çalışarak paçayı kurtarma derdine düştü. Devletin göz bebeği Kara Kuvvetleri Komutanlığı’nda askeri yük ve yolcu taşıma faaliyetlerine sinsi yöntemlerle fesat karıştırıp rüşvet çarkı döndüren 19 sanıklı dev şebekenin yargılanmasına Ankara 1. Ağır Ceza Mahkemesi'nde başlandı. Lojistik Komutanlığı bünyesindeki hak ediş süreçlerini hortumlayarak kamuyu zarara uğratmakla suçlanan 5'i tutuklu sanıklar, adliyede hakim karşısında adeta birbirini satarak ve kirli ilişkilerini ""borç-alacak"" kılıfına uydurmaya çalışarak paçayı kurtarma derdine düştü. Gündem Kara Kuvvetleri Komutanlığı'ndaki lojistik ihale şebekesi hakim karşısında! Sanıklar suçu birbirine atıp rüşvete ""komisyon"" dedi! Devletin göz bebeği Kara Kuvvetleri Komutanlığı’nda askeri yük ve yolcu taşıma faaliyetlerine sinsi yöntemlerle fesat karıştırıp rüşvet çarkı döndüren 19 sanıklı dev şebekenin yargılanmasına Ankara 1. Ağır Ceza Mahkemesi'nde başlandı. Lojistik Komutanlığı bünyesindeki hak ediş süreçlerini hortumlayarak kamuyu zarara uğratmakla suçlanan 5'i tutuklu sanıklar, adliyede hakim karşısında adeta birbirini satarak ve kirli ilişkilerini ""borç-alacak"" kılıfına uydurmaya çalışarak paçayı kurtarma derdine düştü. Devamını Gör Kara Kuvvetleri Komutanlığı'ndaki lojistik ihale şebekesi hakim karşısında! Sanıklar suçu birbirine atıp rüşvete ""komisyon"" dedi! - Yeni Akit https://www.yeniakit.com.tr/kart/haber/kara-kuvvetleri-komutanligindaki-lojistik-ihale-sebekesi-hakim-karsisinda-saniklar-sucu-birbirine-atip-rusvete-komisyon-dedi-2010624.html ... x WhatsApp İhbar Hattı +90 (553) 313 94 23 Devletin göz bebeği Kara Kuvvetleri Komutanlığı’nda askeri yük ve yolcu taşıma faaliyetlerine sinsi yöntemlerle fesat karıştırıp rüşvet çarkı döndüren 19 sanıklı dev şebekenin yargılanmasına Ankara 1. Ağır Ceza Mahkemesi'nde başlandı. Lojistik Komutanlığı bünyesindeki hak ediş süreçlerini hortumlayarak kamuyu zarara uğratmakla suçlanan 5'i tutuklu sanıklar, adliyede hakim karşısında adeta birbirini satarak ve kirli ilişkilerini ""borç-alacak"" kılıfına uydurmaya çalışarak paçayı kurtarma derdine düştü. Devamını Gör Kara Kuvvetleri Komutanlığı'ndaki lojistik ihale şebekesi hakim karşısında! Sanıklar suçu birbirine atıp rüşvete ""komisyon"" dedi! Devletin göz bebeği Kara Kuvvetleri Komutanlığı’nda askeri yük ve yolcu taşıma faaliyetlerine sinsi yöntemlerle fesat karıştırıp rüşvet çarkı döndüren 19 sanıklı dev şebekenin yargılanmasına Ankara 1. Ağır Ceza Mahkemesi'nde başlandı. Lojistik Komutanlığı bünyesindeki hak ediş süreçlerini hortumlayarak kamuyu zarara uğratmakla suçlanan 5'i tutuklu sanıklar, adliyede hakim karşısında adeta birbirini satarak ve kirli ilişkilerini ""borç-alacak"" kılıfına uydurmaya çalışarak paçayı kurtarma derdine düştü.","Kara Kuvvetleri Komutanlığı'ndaki lojistik ihale şebekesi hakim karşısında! Sanıklar suçu birbirine atıp rüşvete ""komisyon"" dedi! Kara Kuvvetleri Komutanlığı'ndaki lojistik ihale şebekesi hakim karşısında! Sanıklar suçu birbirine atıp rüşvete ""komisyon"" dedi! Yeni Akit Gazetesi Devletin göz bebeği Kara Kuvvetleri Komutanlığı’nda askeri yük ve yolcu taşıma faaliyetlerine sinsi yöntemlerle fesat karıştırıp rüşvet çarkı döndüren 19 sanıklı dev şebekenin yargılanmasına Ankara 1. Ağır Ceza Mahkemesi'nde başlandı. Lojistik Komutanlığı bünyesindeki hak ediş süreçlerini hortumlayarak kamuyu zarara uğratmakla suçlanan 5'i tutuklu sanıklar, adliyede hakim karşısında adeta birbirini satarak ve kirli ilişkilerini ""borç-alacak"" kılıfına uydurmaya çalışarak paçayı kurtarma derdine düştü. Gündem Kara Kuvvetleri Komutanlığı'ndaki lojistik ihale şebekesi hakim karşısında! Sanıklar suçu birbirine atıp rüşvete ""komisyon"" dedi! Devamını Gör Kara Kuvvetleri Komutanlığı'ndaki lojistik ihale şebekesi hakim karşısında! - Yeni Akit https://www.yeniakit.com.tr/kart/haber/kara-kuvvetleri-komutanligindaki-lojistik-ihale-sebekesi-hakim-karsisinda-saniklar-sucu-birbirine-atip-rusvete-komisyon-dedi-2010624.html ... x WhatsApp İhbar Hattı +90 (553) 313 94 23 Devletin göz bebeği Kara Kuvvetleri Komutanlığı’nda askeri yük ve yolcu taşıma faaliyetlerine sinsi yöntemlerle fesat karıştırıp rüşvet çarkı döndüren 19 sanıklı dev şebekenin yargılanmasına Ankara 1.",browser_full_article,https://www.yeniakit.com.tr/kart/haber/kara-kuvvetleri-komutanligindaki-lojistik-ihale-sebekesi-hakim-karsisinda-saniklar-sucu-birbirine-atip-rusvete-komisyon-dedi-2010624.html,,,,,,,,il yok | ilçe yok | firma yok | faaliyet/tesis yok,,,,maps araması yapılmadı,,,122.5,23
2026-07-02 08:15:20,dolandırıcılık,Dolandırıcılık / Sahtecilik,Nitelikli dolandırıcılık ve mal varlığı değerlerini aklamaya yönelik 23 ildeki operasyonlarda 307 şüpheli yakalandı,Nitelikli dolandırıcılık ve mal varlığı değerlerini aklamaya yönelik 23 ildeki operasyonlarda 307 şüpheli yakalandı Anka Haber,https://news.google.com/rss/articles/CBMi5wFBVV95cUxOLUlNM2x3eFNpWDAzOGdGdDdENjhMMFQ2MjZ2TUJjcnIta3M1a1lsWjQ2Q3JNalJSWEJzbmpJdTFUYXdtOUYzMkhvY2N4R2ZrQWhkUWhZSHozbFhfSUhxejAya01YbDlMdkJDTm0wLWpQeHRna0c0SWVDbXhIbzU0V1J0cmVHTE9mdEJiMGdWUG1ndjFnMW80djViaWp2THM1STNCVVlvbXNHN1A1QXhsTVZJMmxZeWxQcWF1MFFoUnUzUmpLOUVXTzVLR25xaFdUNmZUbGpZaFQwcFU4dTI0S082UzRXT3c?oc=5,mal varlığı,,"İçişleri Bakanlığı, 23 ilde nitelikli dolandırıcılık ve mal varlığı değerlerini aklama suçlarına yönelik düzenlenen operasyonlarda 307 şüphelinin yakalandığını bildirdi. İçişleri Bakanlığı, 23 ilde nitelikli dolandırıcılık ve mal varlığı değerlerini aklama suçlarına yönelik düzenlenen operasyonlarda 307 şüphelinin yakalandığını bildirdi. İçişleri Bakanlığı, 23 ilde nitelikli dolandırıcılık ve mal varlığı değerlerini aklama suçlarına yönelik düzenlenen operasyonlarda 307 şüphelinin yakalandığını bildirdi. (ANKARA) - İçişleri Bakanlığı, 23 ilde nitelikli dolandırıcılık ve mal varlığı değerlerini aklama suçlarına yönelik düzenlenen operasyonlarda 307 şüphelinin yakalandığını bildirdi. İçişleri Bakanlığı'ndan yapılan yazılı açıklamada, şunlar kaydedildi: ""Emniyet Genel Müdürlüğü Asayiş Daire Başkanlığı ile Cumhuriyet Başsavcılıkları koordinesinde; İl Emniyet Müdürlükleri Asayiş Şube Müdürlüklerince nitelikli dolandırıcılık ve suçtan kaynaklanan mal varlığı değerlerini aklama suçlarına yönelik 23 ilde son 1 ayda 45 ayrı operasyon düzenlendi. Adana, Afyonkarahisar, Ankara, Antalya, Bursa, Çanakkale, Diyarbakır, Edirne, Elazığ, Erzurum, Eskişehir, Gaziantep, Isparta, İzmir, Mersin, İstanbul, Nevşehir, Sakarya, Samsun, Tekirdağ, Tokat, Van ve Osmaniye’de gerçekleştirilen operasyonlarda 307 şüpheli yakalandı. Şüphelilerin banka hesaplarında 5 milyar 388 milyon TL işlem hacmi bulunduğu tespit edildi. Operasyonlar sonucu; çok sayıda iletişim ve bilişim ekipmanı ile dijital materyal, suçtan elde edildiği değerlendirilen bir miktar döviz, altın, ruhsatsız silah ve mühimmat ele geçirildi. Kahraman Polislerimizi, Asayiş Daire Başkanlığımızı, Cumhuriyet Başsavcılıklarımızı ve emeği geçenleri tebrik ediyoruz."" Nitelikli dolandırıcılık ve mal varlığı değerlerini aklamaya yönelik 23 ildeki operasyonlarda 307 şüpheli yakalandı (ANKARA) - İçişleri Bakanlığı, 23 ilde nitelikli dolandırıcılık ve mal varlığı değerlerini aklama suçlarına yönelik düzenlenen operasyonlarda 307 şüphelinin yakalandığını bildirdi. İçişleri Bakanlığı'ndan yapılan yazılı açıklamada, şunlar kaydedildi: ""Emniyet Genel Müdürlüğü Asayiş Daire Başkanlığı ile Cumhuriyet Başsavcılıkları koordinesinde; İl Emniyet Müdürlükleri Asayiş Şube Müdürlüklerince nitelikli dolandırıcılık ve suçtan kaynaklanan mal varlığı değerlerini aklama suçlarına yönelik 23 ilde son 1 ayda 45 ayrı operasyon düzenlendi. Adana, Afyonkarahisar, Ankara, Antalya, Bursa, Çanakkale, Diyarbakır, Edirne, Elazığ, Erzurum, Eskişehir, Gaziantep, Isparta, İzmir, Mersin, İstanbul, Nevşehir, Sakarya, Samsun, Tekirdağ, Tokat, Van ve Osmaniye’de gerçekleştirilen operasyonlarda 307 şüpheli yakalandı. Şüphelilerin banka hesaplarında 5 milyar 388 milyon TL işlem hacmi bulunduğu tespit edildi. Operasyonlar sonucu; çok sayıda iletişim ve bilişim ekipmanı ile dijital materyal, suçtan elde edildiği değerlendirilen bir miktar döviz, altın, ruhsatsız silah ve mühimmat ele geçirildi. Kahraman Polislerimizi, Asayiş Daire Başkanlığımızı, Cumhuriyet Başsavcılıklarımızı ve emeği geçenleri tebrik ediyoruz.""","Nitelikli dolandırıcılık ve mal varlığı değerlerini aklamaya yönelik 23 ildeki operasyonlarda 307 şüpheli yakalandı Nitelikli dolandırıcılık ve mal varlığı değerlerini aklamaya yönelik 23 ildeki operasyonlarda 307 şüpheli yakalandı Anka Haber İçişleri Bakanlığı, 23 ilde nitelikli dolandırıcılık ve mal varlığı değerlerini aklama suçlarına yönelik düzenlenen operasyonlarda 307 şüphelinin yakalandığını bildirdi. (ANKARA) - İçişleri Bakanlığı, 23 ilde nitelikli dolandırıcılık ve mal varlığı değerlerini aklama suçlarına yönelik düzenlenen operasyonlarda 307 şüphelinin yakalandığını bildirdi. İçişleri Bakanlığı'ndan yapılan yazılı açıklamada, şunlar kaydedildi: ""Emniyet Genel Müdürlüğü Asayiş Daire Başkanlığı ile Cumhuriyet Başsavcılıkları koordinesinde; İl Emniyet Müdürlükleri Asayiş Şube Müdürlüklerince nitelikli dolandırıcılık ve suçtan kaynaklanan mal varlığı değerlerini aklama suçlarına yönelik 23 ilde son 1 ayda 45 ayrı operasyon düzenlendi. Adana, Afyonkarahisar, Ankara, Antalya, Bursa, Çanakkale, Diyarbakır, Edirne, Elazığ, Erzurum, Eskişehir, Gaziantep, Isparta, İzmir, Mersin, İstanbul, Nevşehir, Sakarya, Samsun, Tekirdağ, Tokat, Van ve Osmaniye’de gerçekleştirilen operasyonlarda 307 şüpheli yakalandı. Operasyonlar sonucu; çok sayıda iletişim ve bilişim ekipmanı ile dijital materyal, suçtan elde edildiği değerlendirilen bir miktar döviz, altın, ruhsatsız silah ve mühimmat ele geçirildi. Kahraman Polislerimizi, Asayiş Daire Başkanlığımızı, Cumhuriyet Başsavcılıklarımızı ve emeği geçenleri tebrik ediyoruz."" Nitelikli dolandırıcılık ve mal varlığı değerlerini aklamaya yönelik 23 ildeki operasyonlarda 307 şüpheli yakalandı (ANKARA) - İçişleri Bakanlığı, 23 ilde nitelikli dolandırıcılık ve mal varlığı değerlerini aklama suçlarına yönelik düzenlenen operasyonlarda 307 şüphelinin yakalandığını bildirdi.",browser_full_article,https://ankahaber.net/haber/nitelikli-dolandiricilik-ve-mal-varligi-degerlerini-aklamaya-yonelik-23-ildeki-operasyonlarda-307-supheli-yakalandi-0173a27e,Osmaniye,,,,,,,ilçe yok | firma yok | faaliyet/tesis yok,,,,maps araması yapılmadı,,,130.0,24
2026-07-02 09:23:17,dolandırıcılık,Dolandırıcılık / Sahtecilik,"SHB, dolandırıcılık olabileceğinden şüpheli hesaplardan para transferi yapıldığına dair kullanıcıları uyaran bir özellik kullanıma sundu.","SHB, dolandırıcılık olabileceğinden şüpheli hesaplardan para transferi yapıldığına dair kullanıcıları uyaran bir özellik kullanıma sundu. Vietnam.vn",https://news.google.com/rss/articles/CBMinAFBVV95cUxQQ2laTUdVU0EwNFVIOXMyNTFoRGsxREw5VVNuSDZzU1lfVFBuRDFSUWVGWDR3UnhzckVJMHN5VG1aX2F3RDRlUHlkVW1ueXBZSFkzUnlfd3VPeXhjMmRRbm5NenFYX0R5cGZ2dlBudV9LN2hkUDNkRE9lWFpZdm9DSVRHZGNSQWpSMnVvRzB1SXpBWGlNTWFZb1VrNmQ?oc=5,para transferi,,"SHB, dolandırıcılık olabileceğinden şüpheli hesaplardan para transferi yapıldığına dair kullanıcıları uyaran bir özellik kullanıma sundu. Vietnam.vn","SHB, dolandırıcılık olabileceğinden şüpheli hesaplardan para transferi yapıldığına dair kullanıcıları uyaran bir özellik kullanıma sundu. SHB, dolandırıcılık olabileceğinden şüpheli hesaplardan para transferi yapıldığına dair kullanıcıları uyaran bir özellik kullanıma sundu. Vietnam.vn SHB, dolandırıcılık olabileceğinden şüpheli hesaplardan para transferi yapıldığına dair kullanıcıları uyaran bir özellik kullanıma sundu.",browser_failed,https://news.google.com/rss/articles/CBMinAFBVV95cUxQQ2laTUdVU0EwNFVIOXMyNTFoRGsxREw5VVNuSDZzU1lfVFBuRDFSUWVGWDR3UnhzckVJMHN5VG1aX2F3RDRlUHlkVW1ueXBZSFkzUnlfd3VPeXhjMmRRbm5NenFYX0R5cGZ2dlBudV9LN2hkUDNkRE9lWFpZdm9DSVRHZGNSQWpSMnVvRzB1SXpBWGlNTWFZb1VrNmQ?oc=5&hl=tr&gl=TR&ceid=TR:tr,,,,,,,,il yok | ilçe yok | firma yok | faaliyet/tesis yok,,,,maps araması yapılmadı,,,122.98,25
2026-07-02 11:17:24,dolandırıcılık,Dolandırıcılık / Sahtecilik,"Şüpheli dolandırıcılık işlemleri kapsamında 5,2 trilyon VND tutarında banka işlemi bloke edildi.","Şüpheli dolandırıcılık işlemleri kapsamında 5,2 trilyon VND tutarında banka işlemi bloke edildi. Vietnam.vn",https://news.google.com/rss/articles/CBMinAFBVV95cUxOWEd6WTc2VWJPcWJvMlE4S180UEIxX05aelZPV3l1T21KbmpLU0VnWGFkdFRjVXhWR2w3VEJ0RFljNEhFV3djZFRwS3lyVEdKalpDWHJpWmktREpDTFF3SEZiajdPdHVYVzRVSVoxMVhwYzYzd1dwTDNkZ3FrNG96aEN6eGtLU3hDSHh0d0VyZV91U2paNHkyTm53ZmE?oc=5,banka,finansal kuruluş,"Şüpheli dolandırıcılık işlemleri kapsamında 5,2 trilyon VND tutarında banka işlemi bloke edildi. Vietnam.vn","Şüpheli dolandırıcılık işlemleri kapsamında 5,2 trilyon VND tutarında banka işlemi bloke edildi. Şüpheli dolandırıcılık işlemleri kapsamında 5,2 trilyon VND tutarında banka işlemi bloke edildi. Vietnam.vn Şüpheli dolandırıcılık işlemleri kapsamında 5,2 trilyon VND tutarında banka işlemi bloke edildi.",browser_failed,https://news.google.com/rss/articles/CBMinAFBVV95cUxOWEd6WTc2VWJPcWJvMlE4S180UEIxX05aelZPV3l1T21KbmpLU0VnWGFkdFRjVXhWR2w3VEJ0RFljNEhFV3djZFRwS3lyVEdKalpDWHJpWmktREpDTFF3SEZiajdPdHVYVzRVSVoxMVhwYzYzd1dwTDNkZ3FrNG96aEN6eGtLU3hDSHh0d0VyZV91U2paNHkyTm53ZmE?oc=5&hl=tr&gl=TR&ceid=TR:tr,,,,,,,,il yok | ilçe yok | firma yok | faaliyet/tesis yok,,,,maps araması yapılmadı,,,81.82,26
2026-07-02 08:16:00,banka dolandırıcılığı,Banka / Finansal Kuruluş,Emekli banka yöneticisine bile aynı tuzak! Bin 758 adet Cumhuriyet altınını kaptırmıştı: Şüpheliler adliyeye sevk edildi,Emekli banka yöneticisine bile aynı tuzak! Bin 758 adet Cumhuriyet altınını kaptırmıştı: Şüpheliler adliyeye sevk edildi Hürriyet,https://news.google.com/rss/articles/CBMi7wFBVV95cUxQN1VlbmpwYmdISjdRemswOVJCcE9NaVBRUC1nRzVDcDJMclpncHZfUEM0Q284MnlDZTU1QWFRd2NMeW1VYzdGTTNEajFDbHVuZjlmR01RSXJneFpEbnVvNmhwSE8tMFB1c1RrV2FmUm1acWYtUlBVYURDSjZWa1dTQWJJLWlXZDVEcjFpbUQ3SlZpWTFBV0hra2FNdkg4V3ZvLUFjNDdrYmNNZzRUVldBdXR6dDVnZzBXU2VUbU1TV2NJNGhqZWotTWZELTdOY2QzMGVLZUNrRDdyWmYyT3FwSUZsamh0dER0RU1zNFBuYw?oc=5,banka,finansal kuruluş,"Beşiktaş’ta telefonla arayıp polis olduklarını söyleyerek kandırdıkları 83 yaşındaki Dinçer K.’nın bin 758 Cumhuriyet altınını çalan 5 şüpheli adliyeye sevk... Haberler - Beşiktaş’ta telefonla arayıp polis olduklarını söyleyerek kandırdıkları 83 yaşındaki Dinçer K.’nın bin 758 Cumhuriyet altınını çalan 5 şüpheli adliyeye sevk edildi. Beşiktaş’ta telefonla arayıp polis olduklarını söyleyerek kandırdıkları 83 yaşındaki Dinçer K.’nın bin 758 Cumhuriyet altınını çalan 5 şüpheli adliyeye sevk... Ali AKSOYER / İSTANBUL, (DHA) Oluşturulma Tarihi: Temmuz 02, 2026 11:16 Beşiktaş’ta telefonla arayıp polis olduklarını söyleyerek kandırdıkları 83 yaşındaki Dinçer K.’nın bin 758 Cumhuriyet altınını çalan 5 şüpheli adliyeye sevk edildi. Haberin Devamı Beşiktaş ’ta 16 Nisan'da meydana gelen olayda 83 yaşındaki Dinçer K. polise başvurarak dolandırıldığını söyleyip şikâyetçi olmuştu. Para ve Sermaye piyasaları uzmanı olduğu söyleyen ve Bankalarda üst düzey yöneticilik yaptıktan sonra emekli olan Dinçer K., telefonla arayan ve polis olduğunu söyleyen kişilere inanarak bin 758 Cumhuriyet altınını dolandırıcılara teslim etti. Asayiş Şube Müdürlüğü, Dolandırıcılık Büro Amirliği ekipleri tarafından yapılan soruşturmada olaya karıştıkları belirlenen 5 şüpheli Şanlıurfa'da yapılan operasyonla gözaltına alınmıştı. Haberlerimizi Google’da Takip Edin En güncel haberlere ve son dakika gelişmelerine Google üzerinden anında ulaşmak için bizi favorilerinize ekleyin. Google’da tercih edilen kaynak olarak ekleyin Haberin Devamı İstanbul’a getirilerek sorgulanan şüphelilerin işlemleri tamamlandı. 5 şüpheli işlemlerinin ardından adliyeye sevk edildi. Öte yandan şüphelilerden Mehmet U.’nun mağdur Dinçer K.’nın yanına gelerek içinde altın bulunan çantayı alan kişi olduğu belirlendi. Diğer şüphelilerin de olaya yardım ve yataklık yaptıkları belirlendi. Dolandırıcılık Büro Amirliği ekiplerinin firarda olan iki kişinin yakalanması için çalışmalara devam ettiği öğrenildi. Haberle ilgili daha fazlası: #Dolandırıcılık #Altın Dolandırıcılığı #Telefon Dolandırıcılığı Ali AKSOYER / İSTANBUL, (DHA) Oluşturulma Tarihi: Temmuz 02, 2026 11:16 Beşiktaş’ta telefonla arayıp polis olduklarını söyleyerek kandırdıkları 83 yaşındaki Dinçer K.’nın bin 758 Cumhuriyet altınını çalan 5 şüpheli adliyeye sevk edildi. Haberin Devamı Beşiktaş ’ta 16 Nisan'da meydana gelen olayda 83 yaşındaki Dinçer K. polise başvurarak dolandırıldığını söyleyip şikâyetçi olmuştu. Para ve Sermaye piyasaları uzmanı olduğu söyleyen ve Bankalarda üst düzey yöneticilik yaptıktan sonra emekli olan Dinçer K., telefonla arayan ve polis olduğunu söyleyen kişilere inanarak bin 758 Cumhuriyet altınını dolandırıcılara teslim etti. Asayiş Şube Müdürlüğü, Dolandırıcılık Büro Amirliği ekipleri tarafından yapılan soruşturmada olaya karıştıkları belirlenen 5 şüpheli Şanlıurfa'da yapılan operasyonla gözaltına alınmıştı. Haberlerimizi Google’da Takip Edin En güncel haberlere ve son dakika gelişmelerine Google üzerinden anında ulaşmak için bizi favorilerinize ekleyin. Google’da tercih edilen kaynak olarak ekleyin Haberin Devamı İstanbul’a getirilerek sorgulanan şüphelilerin işlemleri tamamlandı. 5 şüpheli işlemlerinin ardından adliyeye sevk edildi. Öte yandan şüphelilerden Mehmet U.’nun mağdur Dinçer K.’nın yanına gelerek içinde altın bulunan çantayı alan kişi olduğu belirlendi. Diğer şüphelilerin de olaya yardım ve yataklık yaptıkları belirlendi. Dolandırıcılık Büro Amirliği ekiplerinin firarda olan iki kişinin yakalanması için çalışmalara devam ettiği öğrenildi. Haberlerimizi Google’da Takip Edin En güncel haberlere ve son dakika gelişmelerine Google üzerinden anında ulaşmak için bizi favorilerinize ekleyin. × GÜNDEM DÜNYA BİGPARA ANASAYFA BORSA DÖVİZ ALTIN VİOP&VARANT ANALİZ KOBİ KRİPTO PARALAR SPOR ARENA ANASAYFA FUTBOL BASKETBOL VOLEYBOL CANLI SKOR KELEBEK ANASAYFA EKRANDA HAYAT SEYAHAT STİL FAKİR HAUSGERATE İLE LEZZETLİ TARİFLER SAĞLIK YAŞAM ANASAYFA CUMARTESİ PAZAR LEZZETLİ HAYAT ÇOCUKLA HAYAT SEYAHAT YAZARLAR RESMİ İLANLAR ASTROLOJİ TÜMÜ EKONOMİ TV REHBERİ MAHMURE HÜRRİYET AİLE VİDEO ASTROLOJİ HESAPLAMA ARAÇLARI BULMACA EN İYİ ON LEZİZZ TEKNOLOJİ FOTO GALERİ RAMAZAN KİTAP SANA","Emekli banka yöneticisine bile aynı tuzak! Bin 758 adet Cumhuriyet altınını kaptırmıştı: Şüpheliler adliyeye sevk edildi Emekli banka yöneticisine bile aynı tuzak! Bin 758 adet Cumhuriyet altınını kaptırmıştı: Şüpheliler adliyeye sevk edildi Hürriyet Beşiktaş’ta telefonla arayıp polis olduklarını söyleyerek kandırdıkları 83 yaşındaki Dinçer K.’nın bin 758 Cumhuriyet altınını çalan 5 şüpheli adliyeye sevk... Haberler - Beşiktaş’ta telefonla arayıp polis olduklarını söyleyerek kandırdıkları 83 yaşındaki Dinçer K.’nın bin 758 Cumhuriyet altınını çalan 5 şüpheli adliyeye sevk edildi. Ali AKSOYER / İSTANBUL, (DHA) Oluşturulma Tarihi: Temmuz 02, 2026 11:16 Beşiktaş’ta telefonla arayıp polis olduklarını söyleyerek kandırdıkları 83 yaşındaki Dinçer K.’nın bin 758 Cumhuriyet altınını çalan 5 şüpheli adliyeye sevk edildi. Haberin Devamı Beşiktaş ’ta 16 Nisan'da meydana gelen olayda 83 yaşındaki Dinçer K. polise başvurarak dolandırıldığını söyleyip şikâyetçi olmuştu. Para ve Sermaye piyasaları uzmanı olduğu söyleyen ve Bankalarda üst düzey yöneticilik yaptıktan sonra emekli olan Dinçer K., telefonla arayan ve polis olduğunu söyleyen kişilere inanarak bin 758 Cumhuriyet altınını dolandırıcılara teslim etti. Asayiş Şube Müdürlüğü, Dolandırıcılık Büro Amirliği ekipleri tarafından yapılan soruşturmada olaya karıştıkları belirlenen 5 şüpheli Şanlıurfa'da yapılan operasyonla gözaltına alınmıştı.",browser_full_article,https://www.hurriyet.com.tr/gundem/emekli-banka-yoneticisine-bile-ayni-tuzak-758-adet-cumhuriyet-altinini-kaptirmisti-supheliler-adliyeye-sevk-edildi-43226107,Şanlıurfa | İstanbul,Beşiktaş,,,,,,firma yok | faaliyet/tesis yok,,,,maps araması yapılmadı,,,141.25,27
2026-07-02 09:29:18,banka dolandırıcılığı,Banka / Finansal Kuruluş,Banka Hesabı Dolandırıcılığı Patricia Cornwell (HpWSwmnkQ6),Banka Hesabı Dolandırıcılığı Patricia Cornwell (HpWSwmnkQ6) Mshale,https://news.google.com/rss/articles/CBMiW0FVX3lxTFBqYVRnX0ZmU1hHdlNXUXd1TlotbkxzdHk5SUVzWE9QWXExeHA0QkMzM2M4QWdaS2FjWTNRTDNRUXNlVWFsTEQ3ZmpodXFaNElReENYRUxRaDlKajg?oc=5,"banka, banka hesabı",finansal kuruluş,"mshale.com Güvenlik doğrulaması yapılıyor Bu web sitesi, kötü niyetli botlara karşı korunmak için bir güvenlik hizmeti kullanıyor. Web sitesi bir bot olmadığınızı doğrularken bu sayfa görüntülenir. Doğrulama başarılı. mshale.com adresinin yanıt vermesi bekleniyor Güvenlik doğrulaması yapılıyor Doğrulama başarılı. mshale.com adresinin yanıt vermesi bekleniyor Bu web sitesi, kötü niyetli botlara karşı korunmak için bir güvenlik hizmeti kullanıyor. Web sitesi bir bot olmadığınızı doğrularken bu sayfa görüntülenir.","Banka Hesabı Dolandırıcılığı Patricia Cornwell (HpWSwmnkQ6) Banka Hesabı Dolandırıcılığı Patricia Cornwell (HpWSwmnkQ6) Mshale mshale.com Güvenlik doğrulaması yapılıyor Bu web sitesi, kötü niyetli botlara karşı korunmak için bir güvenlik hizmeti kullanıyor. Web sitesi bir bot olmadığınızı doğrularken bu sayfa görüntülenir. mshale.com adresinin yanıt vermesi bekleniyor Güvenlik doğrulaması yapılıyor Doğrulama başarılı. mshale.com adresinin yanıt vermesi bekleniyor Bu web sitesi, kötü niyetli botlara karşı korunmak için bir güvenlik hizmeti kullanıyor.",browser_full_article,https://mshale.com/77ce94d0/2a62ef4apAWUSv-tcLE,,,,,,,,il yok | ilçe yok | firma yok | faaliyet/tesis yok,,,,maps araması yapılmadı,,,49.16,28
2026-07-02 13:32:51,şüpheli para transferi,Banka / Finansal Kuruluş,"SHB, elektronik para transferi işlemlerine risk uyarısı katmanı ekliyor.","SHB, elektronik para transferi işlemlerine risk uyarısı katmanı ekliyor. Vietnam.vn",https://news.google.com/rss/articles/CBMimAFBVV95cUxPQUxBYW81TXZJRW91Nzd0SHpVN0N5NzRKTDhRV0RxYXdXWEt6QlFZdHlFM1hXZDFWdFFqN1BqNHJUMVlfMHR4UEpneTdDSWpqdkpWTjNCUDVEQkFnT0d3d0NtT1BSdzNlVmR3LXdHallka01kcHBoemlNOW52NG8wVEFMdTNsSG5EWGcwYzAtWlBleUZncGVVLQ?oc=5,para transferi,,"SHB, elektronik para transferi işlemlerine risk uyarısı katmanı ekliyor. Vietnam.vn","SHB, elektronik para transferi işlemlerine risk uyarısı katmanı ekliyor. SHB, elektronik para transferi işlemlerine risk uyarısı katmanı ekliyor. Vietnam.vn SHB, elektronik para transferi işlemlerine risk uyarısı katmanı ekliyor.",browser_failed,https://news.google.com/rss/articles/CBMimAFBVV95cUxPQUxBYW81TXZJRW91Nzd0SHpVN0N5NzRKTDhRV0RxYXdXWEt6QlFZdHlFM1hXZDFWdFFqN1BqNHJUMVlfMHR4UEpneTdDSWpqdkpWTjNCUDVEQkFnT0d3d0NtT1BSdzNlVmR3LXdHallka01kcHBoemlNOW52NG8wVEFMdTNsSG5EWGcwYzAtWlBleUZncGVVLQ?oc=5&hl=tr&gl=TR&ceid=TR:tr,,,,,,,,il yok | ilçe yok | firma yok | faaliyet/tesis yok,,,,maps araması yapılmadı,,,73.58,29
2026-07-02 09:39:20,banka soruşturma,Banka / Finansal Kuruluş,"Bulduğu Banka Kartını Sakladı, Ev Arkadaşının Harcamasıyla Ortaya Çıktı","Bulduğu Banka Kartını Sakladı, Ev Arkadaşının Harcamasıyla Ortaya Çıktı Kıbrıs Gazetesi",https://news.google.com/rss/articles/CBMinwFBVV95cUxNRXM4N2ZlNHVrbUxTNEFpcUEwWENiUERKdG5wMXhhbVdWWEdvZzFTYU5mOG9DQWJWOVdIOEZab2VabG5mRDl1WF9sblhya2U3UjU2VVVITW5taVYwN0dPbHJOaDEtYVhPdE5Wd2lyTWpSTzRfa3Jvc0o4N0NrRFlJbXI1SElhbElhdURWdHRCRTlUVmZ5ckp4N2cyQ3EwakU?oc=5,banka,finansal kuruluş,"Adli Haber Bulduğu Banka Kartını Sakladı, Ev Arkadaşının Harcamasıyla Ortaya Çıktı 2 Temmuz 2026, 12:39 yayınlandı 1dk, 0sn 155 + - Ercan Havalimanı’nda meydana gelen buluntu eşyayı sirkat suçundan tutuklanan M.E.K. mahkemeye çıkarıldı. Mahkemede meseleyle ilgili olarak şahadet veren Polis Memuru Emre Kapuş, olguları aktardı. Polis, Ercan Havalimanı’nda bir işletmede çalışan zanlının, 21 Mayıs 2026 tarihinde bir şahıs tarafından havaalanında düşürülen banka kartını polise veya herhangi bir yere teslim etmeyerek evine götürdüğünü kaydetti. Polis, zanlının ev arkadaşının, zanlıdan habersiz şekilde söz konusu kartla 29 Haziran’da alışveriş yapması üzerine olayın 30 Haziran’da polisin bilgisine geldiğini, yapılan soruşturma sonucu zanlının tespit edilerek tutuklandığını söyledi. Polis, gerekli soruşturmanın tamamlandığını, kartla harcama yapan şahıs hakkında da yasal işlem başlatıldığını ifade etti. Zanlının ülkede çalışma izniyle bulunduğunu belirten polis, teminat talep etti. Huzurundaki şahadeti değerlendiren Yargıç Şevket Gazi, M.E.K.’nin yurt dışına çıkışının yasaklanmasına, haftada bir gün ispat-ı vücut yapmasına, 30 bin TL nakit teminat yatırmasına ve bir kefilin 800 bin TL kefalet senedi imzalamasına emir verdi. 0 1 0 0 Bulduğu Banka Kartını Sakladı, Ev Arkadaşının Harcamasıyla Ortaya Çıktı Yorum Yap Paylaş Adli Haber Bulduğu Banka Kartını Sakladı, Ev Arkadaşının Harcamasıyla Ortaya Çıktı 2 Temmuz 2026, 12:39 yayınlandı 1dk, 0sn 155 + - Ercan Havalimanı’nda meydana gelen buluntu eşyayı sirkat suçundan tutuklanan M.E.K. mahkemeye çıkarıldı. Mahkemede meseleyle ilgili olarak şahadet veren Polis Memuru Emre Kapuş, olguları aktardı. Polis, Ercan Havalimanı’nda bir işletmede çalışan zanlının, 21 Mayıs 2026 tarihinde bir şahıs tarafından havaalanında düşürülen banka kartını polise veya herhangi bir yere teslim etmeyerek evine götürdüğünü kaydetti. Polis, zanlının ev arkadaşının, zanlıdan habersiz şekilde söz konusu kartla 29 Haziran’da alışveriş yapması üzerine olayın 30 Haziran’da polisin bilgisine geldiğini, yapılan soruşturma sonucu zanlının tespit edilerek tutuklandığını söyledi. Polis, gerekli soruşturmanın tamamlandığını, kartla harcama yapan şahıs hakkında da yasal işlem başlatıldığını ifade etti. Zanlının ülkede çalışma izniyle bulunduğunu belirten polis, teminat talep etti. Huzurundaki şahadeti değerlendiren Yargıç Şevket Gazi, M.E.K.’nin yurt dışına çıkışının yasaklanmasına, haftada bir gün ispat-ı vücut yapmasına, 30 bin TL nakit teminat yatırmasına ve bir kefilin 800 bin TL kefalet senedi imzalamasına emir verdi. 0 1 0 0 Bulduğu Banka Kartını Sakladı, Ev Arkadaşının Harcamasıyla Ortaya Çıktı Yorum Yap Paylaş","Bulduğu Banka Kartını Sakladı, Ev Arkadaşının Harcamasıyla Ortaya Çıktı Bulduğu Banka Kartını Sakladı, Ev Arkadaşının Harcamasıyla Ortaya Çıktı Kıbrıs Gazetesi Adli Haber Bulduğu Banka Kartını Sakladı, Ev Arkadaşının Harcamasıyla Ortaya Çıktı 2 Temmuz 2026, 12:39 yayınlandı 1dk, 0sn 155 + - Ercan Havalimanı’nda meydana gelen buluntu eşyayı sirkat suçundan tutuklanan M.E.K. Mahkemede meseleyle ilgili olarak şahadet veren Polis Memuru Emre Kapuş, olguları aktardı. Polis, Ercan Havalimanı’nda bir işletmede çalışan zanlının, 21 Mayıs 2026 tarihinde bir şahıs tarafından havaalanında düşürülen banka kartını polise veya herhangi bir yere teslim etmeyerek evine götürdüğünü kaydetti. Polis, zanlının ev arkadaşının, zanlıdan habersiz şekilde söz konusu kartla 29 Haziran’da alışveriş yapması üzerine olayın 30 Haziran’da polisin bilgisine geldiğini, yapılan soruşturma sonucu zanlının tespit edilerek tutuklandığını söyledi. Polis, gerekli soruşturmanın tamamlandığını, kartla harcama yapan şahıs hakkında da yasal işlem başlatıldığını ifade etti. Zanlının ülkede çalışma izniyle bulunduğunu belirten polis, teminat talep etti. Huzurundaki şahadeti değerlendiren Yargıç Şevket Gazi, M.E.K.’nin yurt dışına çıkışının yasaklanmasına, haftada bir gün ispat-ı vücut yapmasına, 30 bin TL nakit teminat yatırmasına ve bir kefilin 800 bin TL kefalet senedi imzalamasına emir verdi. 0 1 0 0 Bulduğu Banka Kartını Sakladı, Ev Arkadaşının Harcamasıyla Ortaya Çıktı Yorum Yap",browser_full_article_dom,https://news.google.com/rss/articles/CBMinwFBVV95cUxNRXM4N2ZlNHVrbUxTNEFpcUEwWENiUERKdG5wMXhhbVdWWEdvZzFTYU5mOG9DQWJWOVdIOEZab2VabG5mRDl1WF9sblhya2U3UjU2VVVITW5taVYwN0dPbHJOaDEtYVhPdE5Wd2lyTWpSTzRfa3Jvc0o4N0NrRFlJbXI1SElhbElhdURWdHRCRTlUVmZ5ckp4N2cyQ3EwakU?oc=5&hl=tr&gl=TR&ceid=TR:tr,,,,,,,,il yok | ilçe yok | firma yok | faaliyet/tesis yok,,,,maps araması yapılmadı,,,78.25,30
2026-07-02 14:50:27,banka soruşturma,Banka / Finansal Kuruluş,Merkez Bankası rezervleri 13 ayın en düşük seviyesinde,Merkez Bankası rezervleri 13 ayın en düşük seviyesinde velev,https://news.google.com/rss/articles/CBMiiwFBVV95cUxOOUNGUU1SRU9HS2JVclFlLXJHekl3a1IxMHAyRTh4a3MxV0Y0UzBER1c4REdfY0J5YmZkRFBFY0N0S2FmMXVrd0NoQlFzRjRKX3NqMnZMei1fT3RGVVFhandwZHZ0MmpBckhxZUtmbUlMUkpxVFZ3NHJCeHR3amRXOEkyT1FGVXlBTGNj?oc=5,banka,finansal kuruluş,"Merkez Bankası'nın toplam rezervleri16 Mayıs 2025 haftasından bu yana ilk kez 150 milyar dolar seviyesinin altına indi. Merkez Bankası'nın toplam rezervleri16 Mayıs 2025 haftasından bu yana ilk kez 150 milyar dolar seviyesinin altına indi. Merkez Bankası'nın toplam rezervleri16 Mayıs 2025 haftasından bu yana ilk kez 150 milyar dolar seviyesinin altına indi. Türkiye Cumhuriyet Merkez Bankası’nın (TCMB) toplam rezervleri, 26 Haziran haftasında bir önceki haftaya göre 7 milyar 991 milyon dolar azalışla 149 milyar 205 milyon dolar oldu. TCMB, haftalık para ve banka istatistiklerini açıkladı. HEM DÖVİZ HEM ALTIN REZERVİ AZALDI Buna göre, 26 Haziran itibarıyla Merkez Bankası brüt döviz rezervleri 5 milyar 260 milyon dolar azalarak 54 milyar 251 milyon dolara indi. Brüt döviz rezervleri, 19 Haziran’da 59 milyar 511 milyon dolar seviyesinde bulunuyordu. Bu dönemde altın rezervleri ise 2 milyar 731 milyon dolar düşüşle 97 milyar 685 milyon dolardan 94 milyar 954 milyon dolara geriledi. Bu haberler de ilginizi çekebilir: s Merkez Bankası rezervleri eriyor: Son yılın dibine indi Böylece Merkez Bankası’nın toplam rezervleri 26 Haziran haftasında bir önceki haftaya göre 7 milyar 991 milyon dolar azalarak 157 milyar 196 milyon dolardan 149 milyar 205 milyon dolara indi. DAHA FAZLA GÖSTER Merkez Bankası rezerv Velev'i Google Haberler üzerinden takip edin Merkez Bankası rezervleri 13 ayın en düşük seviyesinde Merkez Bankası'nın toplam rezervleri16 Mayıs 2025 haftasından bu yana ilk kez 150 milyar dolar seviyesinin altına indi. Türkiye Cumhuriyet Merkez Bankası’nın (TCMB) toplam rezervleri, 26 Haziran haftasında bir önceki haftaya göre 7 milyar 991 milyon dolar azalışla 149 milyar 205 milyon dolar oldu. TCMB, haftalık para ve banka istatistiklerini açıkladı. Buna göre, 26 Haziran itibarıyla Merkez Bankası brüt döviz rezervleri 5 milyar 260 milyon dolar azalarak 54 milyar 251 milyon dolara indi. Brüt döviz rezervleri, 19 Haziran’da 59 milyar 511 milyon dolar seviyesinde bulunuyordu. Bu dönemde altın rezervleri ise 2 milyar 731 milyon dolar düşüşle 97 milyar 685 milyon dolardan 94 milyar 954 milyon dolara geriledi. Bu haberler de ilginizi çekebilir: Böylece Merkez Bankası’nın toplam rezervleri 26 Haziran haftasında bir önceki haftaya göre 7 milyar 991 milyon dolar azalarak 157 milyar 196 milyon dolardan 149 milyar 205 milyon dolara indi.","Merkez Bankası rezervleri 13 ayın en düşük seviyesinde Merkez Bankası rezervleri 13 ayın en düşük seviyesinde velev Merkez Bankası'nın toplam rezervleri16 Mayıs 2025 haftasından bu yana ilk kez 150 milyar dolar seviyesinin altına indi. Türkiye Cumhuriyet Merkez Bankası’nın (TCMB) toplam rezervleri, 26 Haziran haftasında bir önceki haftaya göre 7 milyar 991 milyon dolar azalışla 149 milyar 205 milyon dolar oldu. HEM DÖVİZ HEM ALTIN REZERVİ AZALDI Buna göre, 26 Haziran itibarıyla Merkez Bankası brüt döviz rezervleri 5 milyar 260 milyon dolar azalarak 54 milyar 251 milyon dolara indi. Brüt döviz rezervleri, 19 Haziran’da 59 milyar 511 milyon dolar seviyesinde bulunuyordu. Bu dönemde altın rezervleri ise 2 milyar 731 milyon dolar düşüşle 97 milyar 685 milyon dolardan 94 milyar 954 milyon dolara geriledi. Bu haberler de ilginizi çekebilir: s Merkez Bankası rezervleri eriyor: Son yılın dibine indi Böylece Merkez Bankası’nın toplam rezervleri 26 Haziran haftasında bir önceki haftaya göre 7 milyar 991 milyon dolar azalarak 157 milyar 196 milyon dolardan 149 milyar 205 milyon dolara indi. DAHA FAZLA GÖSTER Merkez Bankası rezerv Velev'i Google Haberler üzerinden takip edin Merkez Bankası rezervleri 13 ayın en düşük seviyesinde Merkez Bankası'nın toplam rezervleri16 Mayıs 2025 haftasından bu yana ilk kez 150 milyar dolar seviyesinin altına indi. Buna göre, 26 Haziran itibarıyla Merkez Bankası brüt döviz rezervleri 5 milyar 260 milyon dolar azalarak 54 milyar 251 milyon dolara indi. Bu haberler de ilginizi çekebilir: Böylece Merkez Bankası’nın toplam rezervleri 26 Haziran haftasında bir önceki haftaya göre 7 milyar 991 milyon dolar azalarak 157 milyar 196 milyon dolardan 149 milyar 205 milyon dolara indi.",browser_full_article,https://velev.press/ekonomi/merkez-bankasi-rezervleri-13-ayin-en-dusuk-seviyesinde/,,,,,,,,il yok | ilçe yok | firma yok | faaliyet/tesis yok,,,,maps araması yapılmadı,,,55.0,31
